Concurso;Data Sorteio;Bola1;Bola2;Bola3;Bola4;Bola5;Bola6;Bola7;Time Coraá∆o;;;;;;;;;;;;;;;;;
1;01/03/2008;24;31;51;57;63;71;80;PALMAS/TO;;;;;;;;;;;;;;;;;
2;08/03/2008;18;20;25;31;50;63;77;S«O PAULO/SP;;;;;;;;;;;;;;;;;
3;15/03/2008;9;21;29;36;43;72;74;NµUTICO/PE;;;;;;;;;;;;;;;;;
4;22/03/2008;15;38;54;66;68;70;71;S«O RAIMUNDO/AM;;;;;;;;;;;;;;;;;
5;29/03/2008;15;20;23;24;51;54;58;MIXTO/MT;;;;;;;;;;;;;;;;;
6;05/04/2008;1;8;17;55;59;60;80;RIO BRANCO/AC;;;;;;;;;;;;;;;;;
7;13/04/2008;15;18;29;37;42;55;77;UBERL∂NDIA/MG;;;;;;;;;;;;;;;;;
8;20/04/2008;48;50;61;71;74;75;76;ATLêTICO/MG;;;;;;;;;;;;;;;;;
9;27/04/2008;5;24;37;56;58;69;78;PALMAS/TO;;;;;;;;;;;;;;;;;
10;04/05/2008;1;14;23;37;53;59;74;JI-PARANµ / RO;;;;;;;;;;;;;;;;;
11;10/05/2008;3;11;12;37;50;71;75;PAULISTA;;;;;;;;;;;;;;;;;
12;17/05/2008;2;13;15;24;39;56;73;AMêRICA/RN;;;;;;;;;;;;;;;;;
13;24/05/2008;6;28;32;37;73;75;79;U BARBARENSE;;;;;;;;;;;;;;;;;
14;31/05/2008;15;19;32;51;57;60;68;BRASILIENSE/DF;;;;;;;;;;;;;;;;;
15;08/06/2008;3;9;20;21;25;58;64;VILA NOVA/GO;;;;;;;;;;;;;;;;;
16;15/06/2008;5;38;42;52;55;57;59;FORTALEZA/CE;;;;;;;;;;;;;;;;;
17;22/06/2008;10;12;20;23;30;50;53;FIGUEIRENSE/SC;;;;;;;;;;;;;;;;;
18;29/06/2008;9;15;26;33;54;63;70;PORT DESPORT;;;;;;;;;;;;;;;;;
19;06/07/2008;26;38;44;49;55;60;75;CSA/AL;;;;;;;;;;;;;;;;;
20;13/07/2008;19;28;37;39;53;64;73;FIGUEIRENSE/SC;;;;;;;;;;;;;;;;;
21;20/07/2008;1;15;46;59;65;75;80;FLUMINENSE/RJ;;;;;;;;;;;;;;;;;
22;27/07/2008;4;7;21;52;55;60;78;LONDRINA/PR;;;;;;;;;;;;;;;;;
23;03/08/2008;12;16;17;20;23;60;62;GAMA/DF;;;;;;;;;;;;;;;;;
24;10/08/2008;4;59;61;62;72;78;80;PARANµ/PR;;;;;;;;;;;;;;;;;
25;17/08/2008;4;23;44;47;49;51;75;YPIRANGA/AP;;;;;;;;;;;;;;;;;
26;24/08/2008;7;14;22;48;54;70;74;ATLêTICO/MG;;;;;;;;;;;;;;;;;
27;31/08/2008;4;8;20;31;48;54;55;GR“MIO/RS;;;;;;;;;;;;;;;;;
28;07/09/2008;15;24;26;55;66;72;78;SANTOS/SP;;;;;;;;;;;;;;;;;
29;14/09/2008;4;8;25;34;49;52;68;RIO BRANCO/AC;;;;;;;;;;;;;;;;;
30;21/09/2008;1;9;19;20;33;44;69;AMêRICA/RN;;;;;;;;;;;;;;;;;
31;28/09/2008;1;12;46;52;63;70;74;BAHIA/BA;;;;;;;;;;;;;;;;;
32;05/10/2008;2;19;23;25;41;45;54;VIT‡RIA/BA;;;;;;;;;;;;;;;;;
33;11/10/2008;13;29;30;35;62;78;79;S«O RAIMUNDO/AM;;;;;;;;;;;;;;;;;
34;19/10/2008;28;29;34;48;56;57;60;VASCO DA GAMA;;;;;;;;;;;;;;;;;
35;26/10/2008;16;20;25;50;70;75;77;FORTALEZA/CE;;;;;;;;;;;;;;;;;
36;01/11/2008;10;20;42;54;58;59;72;MIXTO/MT;;;;;;;;;;;;;;;;;
37;09/11/2008;6;8;12;19;37;51;55;S«O RAIMUNDO/AM;;;;;;;;;;;;;;;;;
38;16/11/2008;8;21;30;35;49;69;71;GOIµS/GO;;;;;;;;;;;;;;;;;
39;23/11/2008;13;28;31;41;52;61;80;RIO BRANCO/ES;;;;;;;;;;;;;;;;;
40;30/11/2008;9;35;36;45;54;64;76;FIGUEIRENSE/SC;;;;;;;;;;;;;;;;;
41;07/12/2008;19;25;37;42;63;75;79;BANGU/RJ;;;;;;;;;;;;;;;;;
42;14/12/2008;8;19;41;47;50;71;78;BARUERI/SP;;;;;;;;;;;;;;;;;
43;21/12/2008;10;23;42;52;60;66;73;FLAMENGO/RJ;;;;;;;;;;;;;;;;;
44;28/12/2008;20;21;27;30;64;66;76;SANTOS/SP;;;;;;;;;;;;;;;;;
45;04/01/2009;20;26;28;34;55;71;76;SPORT/PE;;;;;;;;;;;;;;;;;
46;10/01/2009;8;16;36;57;60;69;75;UBERL∂NDIA/MG;;;;;;;;;;;;;;;;;
47;18/01/2009;25;27;29;46;64;73;79;XV PIRACICABA;;;;;;;;;;;;;;;;;
48;24/01/2009;16;20;33;52;59;65;80;ATLêTICO/MG;;;;;;;;;;;;;;;;;
49;01/02/2009;12;17;20;27;36;38;69;CEARµ/CE;;;;;;;;;;;;;;;;;
50;08/02/2009;5;20;23;24;56;72;77;VILA NOVA;;;;;;;;;;;;;;;;;
51;15/02/2009;15;27;28;30;43;52;67;MAR÷LIA/SP;;;;;;;;;;;;;;;;;
52;22/02/2009;1;29;38;42;53;55;71;RIO BRANCO/ES;;;;;;;;;;;;;;;;;
53;28/02/2009;1;13;16;44;60;66;71;GAMA/DF;;;;;;;;;;;;;;;;;
54;07/03/2009;8;18;20;38;40;48;71;FLAMENGO/RJ;;;;;;;;;;;;;;;;;
55;15/03/2009;14;26;37;43;60;69;77;ATLêTICO/GO;;;;;;;;;;;;;;;;;
56;21/03/2009;14;18;44;45;60;61;76;IPATINGA;;;;;;;;;;;;;;;;;
57;29/03/2009;12;23;31;41;56;61;67;BOTAFOGO;;;;;;;;;;;;;;;;;
58;04/04/2009;4;9;30;32;38;47;71;JUVENTUDE;;;;;;;;;;;;;;;;;
59;11/04/2009;2;9;27;30;38;61;72;SPORT/PE;;;;;;;;;;;;;;;;;
60;18/04/2009;23;24;39;53;54;55;69;RIO BRANCO/ES;;;;;;;;;;;;;;;;;
61;25/04/2009;4;14;41;42;50;64;70;JUVENTUDE/RS;;;;;;;;;;;;;;;;;
62;02/05/2009;16;19;33;59;69;70;80;INTERNACIONAL/RS;;;;;;;;;;;;;;;;;
63;09/05/2009;13;17;29;45;48;56;62;AMêRICA/MG;;;;;;;;;;;;;;;;;
64;16/05/2009;40;44;51;56;64;71;77;SERGIPE/SE;;;;;;;;;;;;;;;;;
65;23/05/2009;11;14;28;36;59;72;79;CORITIBA/PR;;;;;;;;;;;;;;;;;
66;30/05/2009;4;16;17;24;31;59;71;UBERL∂NDIA/MG;;;;;;;;;;;;;;;;;
67;06/06/2009;13;20;21;32;70;74;79;ATLêTICO/GO;;;;;;;;;;;;;;;;;
68;13/06/2009;4;13;24;41;49;52;80;REMO/PA;;;;;;;;;;;;;;;;;
69;20/06/2009;5;8;10;38;55;71;78;TUNA LUSO/PA;;;;;;;;;;;;;;;;;
70;27/06/2009;6;8;18;19;45;46;73;MAR÷LIA/SP;;;;;;;;;;;;;;;;;
71;04/07/2009;3;8;9;27;28;52;78;PAYSANDU/PA;;;;;;;;;;;;;;;;;
72;11/07/2009;1;6;21;26;36;40;55;PORT DESPORT;;;;;;;;;;;;;;;;;
73;18/07/2009;3;7;39;42;48;57;75;TREZE/PB;;;;;;;;;;;;;;;;;
74;25/07/2009;3;20;25;31;40;51;60;AMêRICA/RJ;;;;;;;;;;;;;;;;;
75;01/08/2009;6;12;22;50;52;59;72;RIVER/PI;;;;;;;;;;;;;;;;;
76;08/08/2009;25;34;46;51;52;64;76;TREZE/PB;;;;;;;;;;;;;;;;;
77;15/08/2009;19;20;23;44;49;57;64;BANGU/RJ;;;;;;;;;;;;;;;;;
78;22/08/2009;22;38;39;44;48;52;56;VIT‡RIA/BA;;;;;;;;;;;;;;;;;
79;29/08/2009;2;8;37;39;46;52;80;NACIONAL/AM;;;;;;;;;;;;;;;;;
80;05/09/2009;8;15;20;42;43;44;48;CRB/AL;;;;;;;;;;;;;;;;;
81;12/09/2009;6;7;12;15;66;68;80;AMêRICA/RJ;;;;;;;;;;;;;;;;;
82;19/09/2009;30;42;43;46;57;63;64;FIGUEIRENSE/SC;;;;;;;;;;;;;;;;;
83;26/09/2009;11;25;28;48;52;62;78;RORAIMA/RR;;;;;;;;;;;;;;;;;
84;03/10/2009;3;4;7;10;27;34;73;SAMPAIO CORR“A/MA;;;;;;;;;;;;;;;;;
85;10/10/2009;9;17;21;36;50;64;67;AMêRICA/MG;;;;;;;;;;;;;;;;;
86;17/10/2009;19;23;32;41;55;71;80;JUVENTUS/SP;;;;;;;;;;;;;;;;;
87;24/10/2009;11;21;25;34;37;55;72;VASCO DA GAMA/RJ;;;;;;;;;;;;;;;;;
88;31/10/2009;9;18;19;40;60;65;75;PALMEIRAS/SP;;;;;;;;;;;;;;;;;
89;07/11/2009;4;8;10;41;62;72;73;RIVER/PI;;;;;;;;;;;;;;;;;
90;14/11/2009;44;65;68;69;71;73;76;S«O PAULO/SP;;;;;;;;;;;;;;;;;
91;21/11/2009;5;12;17;25;52;57;76;ATLêTICO/GO;;;;;;;;;;;;;;;;;
92;28/11/2009;1;4;9;39;40;56;62;YPIRANGA/AP;;;;;;;;;;;;;;;;;
93;05/12/2009;4;8;17;30;46;47;60;MOTO CLUBE/MA;;;;;;;;;;;;;;;;;
94;12/12/2009;7;12;34;46;52;56;79;IPATINGA/MG;;;;;;;;;;;;;;;;;
95;19/12/2009;13;30;34;36;67;73;74;AMêRICA/RN;;;;;;;;;;;;;;;;;
96;26/12/2009;4;9;20;32;36;51;80;PORT DESPORT;;;;;;;;;;;;;;;;;
97;09/01/2010;4;15;38;40;45;60;66;AMêRICA/RJ;;;;;;;;;;;;;;;;;
98;16/01/2010;5;28;35;40;41;50;71;GOIµS/GO;;;;;;;;;;;;;;;;;
99;23/01/2010;5;12;28;52;60;63;66;LONDRINA/PR;;;;;;;;;;;;;;;;;
100;30/01/2010;14;36;38;58;70;72;74;PAYSANDU/PA;;;;;;;;;;;;;;;;;
101;06/02/2010;1;46;59;60;63;76;80;CEARµ/CE;;;;;;;;;;;;;;;;;
102;13/02/2010;26;28;34;45;48;49;77;GAMA/DF;;;;;;;;;;;;;;;;;
103;20/02/2010;3;7;16;21;42;71;80;RORAIMA/RR;;;;;;;;;;;;;;;;;
104;27/02/2010;4;58;61;62;66;69;80;UNI«O S«O JO«O/SP;;;;;;;;;;;;;;;;;
105;06/03/2010;2;3;10;17;51;52;75;MAR÷LIA/SP;;;;;;;;;;;;;;;;;
106;13/03/2010;11;17;18;19;59;73;75;INTER LIMEIRA/SP;;;;;;;;;;;;;;;;;
107;20/03/2010;6;9;13;38;46;58;80;BAHIA/BA;;;;;;;;;;;;;;;;;
108;27/03/2010;5;20;26;34;38;78;79;CORINTHIANS/SP;;;;;;;;;;;;;;;;;
109;03/04/2010;8;10;12;15;51;66;68;SANTOS/SP;;;;;;;;;;;;;;;;;
110;10/04/2010;3;14;24;41;42;59;63;UNI«O S«O JO«O/SP;;;;;;;;;;;;;;;;;
111;17/04/2010;1;2;8;13;31;67;69;AMêRICA/RJ;;;;;;;;;;;;;;;;;
112;24/04/2010;5;7;39;50;60;67;70;RIVER/PI;;;;;;;;;;;;;;;;;
113;30/04/2010;4;17;24;39;69;75;77;UNI«O S.JO«O/SP;;;;;;;;;;;;;;;;;
114;08/05/2010;17;18;44;60;68;77;79;PALMEIRAS/SP;;;;;;;;;;;;;;;;;
115;15/05/2010;3;20;35;49;54;55;72;RIO BRANCO/AC;;;;;;;;;;;;;;;;;
116;22/05/2010;4;12;24;34;54;62;65;XV PIRACICABA;;;;;;;;;;;;;;;;;
117;29/05/2010;10;33;40;51;61;76;79;CRUZEIRO/MG;;;;;;;;;;;;;;;;;
118;05/06/2010;29;30;42;59;60;66;68;INTERNACIONAL/RS;;;;;;;;;;;;;;;;;
119;12/06/2010;11;19;28;41;44;56;72;S«O PAULO/SP;;;;;;;;;;;;;;;;;
120;19/06/2010;1;7;14;44;46;51;73;BRASILIENSE/DF;;;;;;;;;;;;;;;;;
121;26/06/2010;8;31;35;43;47;67;76;MAR÷LIA/SP;;;;;;;;;;;;;;;;;
122;03/07/2010;48;49;52;64;67;69;70;RIVER/PI;;;;;;;;;;;;;;;;;
123;10/07/2010;3;17;37;54;56;60;61;BRAGANTINO/SP;;;;;;;;;;;;;;;;;
124;17/07/2010;1;16;20;43;46;70;71;BARUERI/SP;;;;;;;;;;;;;;;;;
125;21/07/2010;5;19;25;41;56;69;72;BARUERI/SP;;;;;;;;;;;;;;;;;
126;24/07/2010;16;17;23;30;37;64;72;CORITIBA/PR;;;;;;;;;;;;;;;;;
127;28/07/2010;1;9;19;35;48;78;79;INTERNACIONAL/RS;;;;;;;;;;;;;;;;;
128;31/07/2010;8;16;20;27;38;70;78;INTER LIMEIRA/SP;;;;;;;;;;;;;;;;;
129;04/08/2010;8;10;22;28;55;69;70;FORTALEZA/CE;;;;;;;;;;;;;;;;;
130;07/08/2010;12;30;45;51;57;68;76;ATLêTICO/GO;;;;;;;;;;;;;;;;;
131;11/08/2010;4;11;24;39;40;41;42;U BARBARENSE;;;;;;;;;;;;;;;;;
132;14/08/2010;19;26;36;39;66;71;78;INTERNACIONAL/RS;;;;;;;;;;;;;;;;;
133;18/08/2010;4;14;20;26;52;62;66;FLUMINENSE/RJ;;;;;;;;;;;;;;;;;
134;21/08/2010;2;4;49;51;60;75;78;NACIONAL/AM;;;;;;;;;;;;;;;;;
135;25/08/2010;8;9;23;49;55;58;62;JUVENTUS/SP;;;;;;;;;;;;;;;;;
136;28/08/2010;3;11;13;22;36;41;52;OPERARIO/MS;;;;;;;;;;;;;;;;;
137;01/09/2010;15;26;32;50;58;70;71;MIXTO/MT;;;;;;;;;;;;;;;;;
138;04/09/2010;17;18;33;34;40;60;71;TREZE/PB;;;;;;;;;;;;;;;;;
139;08/09/2010;1;11;27;31;35;44;61;RIO BRANCO/AC;;;;;;;;;;;;;;;;;
140;11/09/2010;25;26;27;36;47;66;74;BANGU/RJ;;;;;;;;;;;;;;;;;
141;15/09/2010;21;26;47;55;62;63;72;CRUZEIRO/MG;;;;;;;;;;;;;;;;;
142;18/09/2010;40;55;61;65;76;79;80;SANTO ANDRê/SP;;;;;;;;;;;;;;;;;
143;22/09/2010;1;4;5;26;60;61;62;ITUANO/SP;;;;;;;;;;;;;;;;;
144;25/09/2010;12;31;32;61;70;75;80;S«O RAIMUNDO/AM;;;;;;;;;;;;;;;;;
145;29/09/2010;2;35;55;65;67;74;75;ATLêTICO/GO;;;;;;;;;;;;;;;;;
146;02/10/2010;15;27;43;46;53;56;79;SANTO ANDRê/SP;;;;;;;;;;;;;;;;;
147;06/10/2010;12;49;61;69;70;76;78;SERGIPE/SE;;;;;;;;;;;;;;;;;
148;09/10/2010;27;30;39;49;70;73;78;RIO BRANCO/ES;;;;;;;;;;;;;;;;;
149;13/10/2010;13;15;29;46;61;62;63;S«O RAIMUNDO/AM;;;;;;;;;;;;;;;;;
150;16/10/2010;8;10;17;40;61;63;79;RORAIMA/RR;;;;;;;;;;;;;;;;;
151;20/10/2010;1;41;45;47;62;65;79;JUVENTUDE/RS;;;;;;;;;;;;;;;;;
152;23/10/2010;2;8;16;20;27;51;65;BOTAFOGO/RJ;;;;;;;;;;;;;;;;;
153;27/10/2010;3;10;15;20;46;57;80;S«O  CAETANO/SP;;;;;;;;;;;;;;;;;
154;30/10/2010;1;6;14;19;22;36;52;PALMAS/TO;;;;;;;;;;;;;;;;;
155;03/11/2010;21;23;28;48;55;67;71;CSA/AL;;;;;;;;;;;;;;;;;
156;06/11/2010;19;27;49;50;69;70;77;SANTO ANDRê/SP;;;;;;;;;;;;;;;;;
157;10/11/2010;26;29;54;63;67;73;78;AMERICANO/RJ;;;;;;;;;;;;;;;;;
158;13/11/2010;9;19;26;28;30;35;53;RORAIMA/RR;;;;;;;;;;;;;;;;;
159;17/11/2010;2;12;28;29;56;70;76;BRASILIENSE/DF;;;;;;;;;;;;;;;;;
160;20/11/2010;7;16;34;35;45;55;71;FLAMENGO/RJ;;;;;;;;;;;;;;;;;
161;24/11/2010;47;52;55;56;59;70;80;FIGUEIRENSE/SC;;;;;;;;;;;;;;;;;
162;27/11/2010;10;23;34;44;47;50;72;PALMEIRAS/SP;;;;;;;;;;;;;;;;;
163;01/12/2010;22;23;27;51;62;77;80;SANTA CRUZ/PE;;;;;;;;;;;;;;;;;
164;04/12/2010;7;10;31;33;36;49;63;CSA/AL;;;;;;;;;;;;;;;;;
165;08/12/2010;13;31;39;45;62;67;80;PONTE PRETA/SP;;;;;;;;;;;;;;;;;
166;11/12/2010;4;48;51;53;71;72;75;REMO/PA;;;;;;;;;;;;;;;;;
167;15/12/2010;8;10;24;29;30;40;59;PARANµ/PR;;;;;;;;;;;;;;;;;
168;18/12/2010;4;15;20;31;47;74;79;TREZE/PB;;;;;;;;;;;;;;;;;
169;22/12/2010;12;23;24;39;51;63;66;SAMPAIO CORR“A/MA;;;;;;;;;;;;;;;;;
170;24/12/2010;11;20;27;51;55;56;64;LONDRINA/PR;;;;;;;;;;;;;;;;;
171;29/12/2010;9;23;26;35;55;64;71;SANTA CRUZ/PE;;;;;;;;;;;;;;;;;
172;31/12/2010;12;13;26;32;47;57;74;SANTO ANDRê/SP;;;;;;;;;;;;;;;;;
173;05/01/2011;6;10;34;59;68;70;74;TREZE/PB;;;;;;;;;;;;;;;;;
174;08/01/2011;1;3;4;14;24;35;48;PAYSANDU/PA;;;;;;;;;;;;;;;;;
175;12/01/2011;5;13;30;32;59;66;67;XV PIRACICABA;;;;;;;;;;;;;;;;;
176;15/01/2011;25;34;40;50;52;66;80;PALMAS;;;;;;;;;;;;;;;;;
177;19/01/2011;12;25;30;34;59;62;80;RORAIMA/RR;;;;;;;;;;;;;;;;;
178;22/01/2011;11;27;39;50;71;72;80;IPATINGA/MG;;;;;;;;;;;;;;;;;
179;26/01/2011;1;38;51;60;63;68;69;MIXTO/MT;;;;;;;;;;;;;;;;;
180;29/01/2011;16;32;35;36;56;73;74;BOTAFOGO/RJ;;;;;;;;;;;;;;;;;
181;02/02/2011;6;15;32;33;54;63;80;RIVER/PI;;;;;;;;;;;;;;;;;
182;05/02/2011;2;3;30;37;51;57;61;UNI«O S«O JO«O/SP;;;;;;;;;;;;;;;;;
183;09/02/2011;16;24;32;36;39;51;71;MOTO CLUBE/MA;;;;;;;;;;;;;;;;;
184;12/02/2011;25;36;48;55;59;62;74;NACIONAL/AM;;;;;;;;;;;;;;;;;
185;16/02/2011;7;26;41;45;50;59;62;PAULISTA/SP;;;;;;;;;;;;;;;;;
186;19/02/2011;13;29;30;31;34;55;75;AMêRICA/RJ;;;;;;;;;;;;;;;;;
187;23/02/2011;7;11;30;61;76;77;80;AMêRICA/RJ;;;;;;;;;;;;;;;;;
188;26/02/2011;27;28;29;73;77;78;79;S«O PAULO/SP;;;;;;;;;;;;;;;;;
189;02/03/2011;12;17;20;27;31;35;53;A B C/RN;;;;;;;;;;;;;;;;;
190;05/03/2011;4;23;65;68;70;71;73;FIGUEIRENSE/SC;;;;;;;;;;;;;;;;;
191;09/03/2011;24;27;33;34;41;42;79;SANTO ANDRê/SP;;;;;;;;;;;;;;;;;
192;12/03/2011;7;14;27;28;38;67;71;MOTO CLUBE/MA;;;;;;;;;;;;;;;;;
193;16/03/2011;13;14;27;31;45;68;75;S«O CAETANO/SP;;;;;;;;;;;;;;;;;
194;19/03/2011;8;24;33;45;61;63;72;MAR÷LIA/SP;;;;;;;;;;;;;;;;;
195;23/03/2011;8;13;21;40;52;53;62;NACIONAL/AM;;;;;;;;;;;;;;;;;
196;26/03/2011;5;11;24;41;67;70;78;GR“MIO/RS;;;;;;;;;;;;;;;;;
197;30/03/2011;4;11;16;24;55;66;79;JUVENTUDE/RS;;;;;;;;;;;;;;;;;
198;02/04/2011;8;30;37;45;54;64;69;MOTO CLUBE/MA;;;;;;;;;;;;;;;;;
199;06/04/2011;16;17;46;47;56;57;60;REMO/PA;;;;;;;;;;;;;;;;;
200;09/04/2011;9;23;27;31;36;75;79;BRASILIENSE/DF;;;;;;;;;;;;;;;;;
201;13/04/2011;3;27;30;37;40;50;78;ATLêTICO/MG;;;;;;;;;;;;;;;;;
202;16/04/2011;25;41;60;65;67;73;76;AMERICANO/RJ;;;;;;;;;;;;;;;;;
203;20/04/2011;8;19;61;65;67;73;77;AMêRICA/RJ;;;;;;;;;;;;;;;;;
204;23/04/2011;21;25;36;44;45;67;78;VASCO DA GAMA/RJ;;;;;;;;;;;;;;;;;
205;27/04/2011;18;21;29;33;35;41;66;GOIµS/GO;;;;;;;;;;;;;;;;;
206;30/04/2011;2;11;30;36;66;71;77;BRAGANTINO/SP;;;;;;;;;;;;;;;;;
207;04/05/2011;19;39;55;57;59;61;67;P.  DESPORTOS/SP;;;;;;;;;;;;;;;;;
208;07/05/2011;4;7;11;12;13;15;70;BOTAFOGO/PB;;;;;;;;;;;;;;;;;
209;11/05/2011;10;33;47;54;67;73;77;JOINVILLE/SC;;;;;;;;;;;;;;;;;
210;14/05/2011;17;26;38;51;52;60;61;VILLA NOVA/MG;;;;;;;;;;;;;;;;;
211;18/05/2011;5;23;26;32;36;39;56;FLAMENGO/RJ;;;;;;;;;;;;;;;;;
212;21/05/2011;13;19;22;35;43;49;51;NACIONAL/AM;;;;;;;;;;;;;;;;;
213;25/05/2011;6;12;14;23;28;35;52;UNI«O S«O JO«O/SP;;;;;;;;;;;;;;;;;
214;28/05/2011;6;12;17;56;66;70;71;SANTO ANDRê/SP;;;;;;;;;;;;;;;;;
215;01/06/2011;1;4;17;42;48;50;78;GAMA/DF;;;;;;;;;;;;;;;;;
216;04/06/2011;4;9;15;41;55;57;65;RIO BRANCO/ES;;;;;;;;;;;;;;;;;
217;08/06/2011;4;13;21;31;48;57;72;CORINTHIANS/SP;;;;;;;;;;;;;;;;;
218;11/06/2011;2;20;28;32;48;60;74;JUVENTUDE/RS;;;;;;;;;;;;;;;;;
219;15/06/2011;19;35;42;45;54;60;65;CRICIÈMA/SC;;;;;;;;;;;;;;;;;
220;18/06/2011;5;9;23;25;28;32;65;SERGIPE/SE;;;;;;;;;;;;;;;;;
221;22/06/2011;6;34;38;44;59;74;79;TREZE/PB;;;;;;;;;;;;;;;;;
222;25/06/2011;2;3;7;11;56;61;65;INTER LIMEIRA/SP;;;;;;;;;;;;;;;;;
223;29/06/2011;5;10;18;55;56;59;72;NACIONAL/AM;;;;;;;;;;;;;;;;;
224;02/07/2011;14;16;17;20;21;28;74;MOTO CLUBE/MA;;;;;;;;;;;;;;;;;
225;06/07/2011;2;26;30;37;45;47;61;BOTAFOGO/RJ;;;;;;;;;;;;;;;;;
226;09/07/2011;16;19;29;39;45;67;71;RORAIMA/RR;;;;;;;;;;;;;;;;;
227;13/07/2011;3;27;34;44;62;63;75;AMêRICA/RJ;;;;;;;;;;;;;;;;;
228;16/07/2011;13;25;34;39;55;59;76;AMêRICA/RJ;;;;;;;;;;;;;;;;;
229;20/07/2011;10;11;24;26;36;47;51;S. PAULO/SP;;;;;;;;;;;;;;;;;
230;23/07/2011;4;19;25;35;54;63;69;RIVER/PI;;;;;;;;;;;;;;;;;
231;27/07/2011;17;18;30;41;50;55;62;YPIRANGA/AP;;;;;;;;;;;;;;;;;
232;30/07/2011;21;28;60;63;64;65;75;XV PIRACICABA/SP;;;;;;;;;;;;;;;;;
233;03/08/2011;11;16;32;41;56;68;78;CEARµ/CE;;;;;;;;;;;;;;;;;
234;06/08/2011;2;8;22;23;30;35;62;CRICIÈMA/SC;;;;;;;;;;;;;;;;;
235;10/08/2011;11;36;43;48;60;66;72;SAMPAIO CORR“A/MA;;;;;;;;;;;;;;;;;
236;13/08/2011;6;21;29;35;39;62;69;DESPORTIVA/ES;;;;;;;;;;;;;;;;;
237;17/08/2011;10;11;29;34;40;47;78;RIVER/PI;;;;;;;;;;;;;;;;;
238;20/08/2011;25;26;28;30;63;70;76;OPERARIO/MS;;;;;;;;;;;;;;;;;
239;24/08/2011;5;8;15;37;43;58;74;PONTE PRETA/SP;;;;;;;;;;;;;;;;;
240;27/08/2011;19;23;29;41;51;54;63;RIO BRANCO/ES;;;;;;;;;;;;;;;;;
241;31/08/2011;4;10;16;18;25;30;55;S«O PAULO/SP;;;;;;;;;;;;;;;;;
242;03/09/2011;6;23;41;46;48;54;73;CRUZEIRO/MG;;;;;;;;;;;;;;;;;
243;08/09/2011;1;15;40;47;49;52;77;CSA/AL;;;;;;;;;;;;;;;;;
244;10/09/2011;10;32;50;53;70;73;76;INTER LIMEIRA/SP;;;;;;;;;;;;;;;;;
245;14/09/2011;25;34;39;41;69;77;79;TUNA LUSO/PA;;;;;;;;;;;;;;;;;
246;17/09/2011;2;13;35;51;55;63;75;JUVENTUS/SP;;;;;;;;;;;;;;;;;
247;21/09/2011;11;13;34;39;61;62;66;GR“MIO/RS;;;;;;;;;;;;;;;;;
248;24/09/2011;14;16;23;43;51;72;80;AMêRICA/RJ;;;;;;;;;;;;;;;;;
249;28/09/2011;9;16;22;27;31;61;72;UNI«O S«O JO«O/SP;;;;;;;;;;;;;;;;;
250;01/10/2011;14;20;22;37;49;60;78;OLARIA/RJ;;;;;;;;;;;;;;;;;
251;05/10/2011;1;16;39;59;65;75;80;S«O PAULO/SP;;;;;;;;;;;;;;;;;
252;08/10/2011;1;13;16;33;35;43;65;RIO BRANCO/ES;;;;;;;;;;;;;;;;;
253;13/10/2011;17;35;39;41;48;67;73;RIO BRANCO/ES;;;;;;;;;;;;;;;;;
254;15/10/2011;19;28;31;45;50;66;71;AMERICANO/RJ;;;;;;;;;;;;;;;;;
255;19/10/2011;3;10;14;26;31;51;75;INTER LIMEIRA/SP;;;;;;;;;;;;;;;;;
256;22/10/2011;13;31;44;46;57;67;73;VASCO DA GAMA/RJ;;;;;;;;;;;;;;;;;
257;26/10/2011;13;41;47;48;58;61;80;BRAGANTINO/SP;;;;;;;;;;;;;;;;;
258;29/10/2011;19;25;29;55;56;60;74;RORAIMA/RR;;;;;;;;;;;;;;;;;
259;03/11/2011;13;15;30;47;54;73;75;RIO BRANCO/ES;;;;;;;;;;;;;;;;;
260;05/11/2011;2;3;14;29;36;42;62;FLAMENGO/RJ;;;;;;;;;;;;;;;;;
261;09/11/2011;1;4;21;24;32;49;74;SANTOS/SP;;;;;;;;;;;;;;;;;
262;12/11/2011;2;24;50;58;61;72;80;BRASILIENSE/DF;;;;;;;;;;;;;;;;;
263;16/11/2011;3;13;16;25;38;61;71;VILA NOVA;;;;;;;;;;;;;;;;;
264;19/11/2011;6;7;26;58;67;78;79;ATLêTICO/GO;;;;;;;;;;;;;;;;;
265;23/11/2011;15;34;36;37;44;56;78;AMERICANO/RJ;;;;;;;;;;;;;;;;;
266;26/11/2011;13;19;35;41;46;52;66;SAMP CORREA;;;;;;;;;;;;;;;;;
267;30/11/2011;5;15;16;32;59;61;71;IPATINGA/MG;;;;;;;;;;;;;;;;;
268;03/12/2011;1;7;18;27;39;52;70;MOTO CLUBE/MA;;;;;;;;;;;;;;;;;
269;07/12/2011;40;56;59;65;68;73;79;OLARIA/RJ;;;;;;;;;;;;;;;;;
270;10/12/2011;5;15;40;41;50;51;54;LONDRINA/PR;;;;;;;;;;;;;;;;;
271;14/12/2011;26;47;50;56;67;74;77;AMERICANO;;;;;;;;;;;;;;;;;
272;17/12/2011;4;6;10;14;18;40;78;TREZE/PB;;;;;;;;;;;;;;;;;
273;21/12/2011;11;48;52;58;60;66;70;P.  DESPORTOS/SP;;;;;;;;;;;;;;;;;
274;24/12/2011;5;9;26;34;36;60;78;GR“MIO/RS;;;;;;;;;;;;;;;;;
275;28/12/2011;8;18;24;41;57;58;75;JUVENTUS/SP;;;;;;;;;;;;;;;;;
276;31/12/2011;31;33;52;57;59;60;71;BARUERI/SP;;;;;;;;;;;;;;;;;
277;04/01/2012;3;7;22;23;47;60;67;NµUTICO/PE;;;;;;;;;;;;;;;;;
278;07/01/2012;7;8;16;18;54;60;72;ATHLêTICO/PR;;;;;;;;;;;;;;;;;
279;11/01/2012;6;18;34;49;65;74;75;IPATINGA/MG;;;;;;;;;;;;;;;;;
280;14/01/2012;7;9;11;35;61;72;74;RORAIMA/RR;;;;;;;;;;;;;;;;;
281;18/01/2012;5;22;23;40;46;48;80;RIVER/PI;;;;;;;;;;;;;;;;;
282;21/01/2012;7;17;23;26;40;72;79;U BARBARENSE;;;;;;;;;;;;;;;;;
283;25/01/2012;11;18;28;36;40;66;69;GUARANI/SP;;;;;;;;;;;;;;;;;
284;28/01/2012;7;9;37;47;50;63;73;PARANµ/PR;;;;;;;;;;;;;;;;;
285;01/02/2012;8;11;25;26;47;67;71;PORT DESPORT;;;;;;;;;;;;;;;;;
286;04/02/2012;6;27;30;38;39;40;61;PONTE PRETA/SP;;;;;;;;;;;;;;;;;
287;08/02/2012;1;18;22;26;36;50;55;PALMEIRAS/SP;;;;;;;;;;;;;;;;;
288;11/02/2012;3;32;33;52;54;56;75;JI-PARANµ / RO;;;;;;;;;;;;;;;;;
289;15/02/2012;4;21;37;45;47;58;64;TUNA LUSO/PA;;;;;;;;;;;;;;;;;
290;18/02/2012;19;21;28;38;52;57;58;INTERNACIONAL/RS;;;;;;;;;;;;;;;;;
291;22/02/2012;10;21;22;39;47;57;64;PAYSANDU/PA;;;;;;;;;;;;;;;;;
292;25/02/2012;6;11;23;57;58;59;71;SANTO ANDRê/SP;;;;;;;;;;;;;;;;;
293;01/03/2012;18;21;33;34;46;51;69;NACIONAL/AM;;;;;;;;;;;;;;;;;
294;03/03/2012;13;16;23;39;40;42;54;INTERNACIONAL/RS;;;;;;;;;;;;;;;;;
295;07/03/2012;10;11;13;16;26;31;48;AMêRICA/MG;;;;;;;;;;;;;;;;;
296;10/03/2012;5;10;13;15;35;60;80;MOTO CLUBE/MA;;;;;;;;;;;;;;;;;
297;14/03/2012;15;17;20;31;34;37;42;SPORT/PE;;;;;;;;;;;;;;;;;
298;17/03/2012;7;11;12;19;21;26;75;BOTAFOGO/RJ;;;;;;;;;;;;;;;;;
299;21/03/2012;3;4;12;30;68;71;72;NµUTICO/PE;;;;;;;;;;;;;;;;;
300;24/03/2012;6;21;28;48;59;69;71;GOIµS/GO;;;;;;;;;;;;;;;;;
301;28/03/2012;13;26;27;41;57;65;71;BOTAFOGO/PB;;;;;;;;;;;;;;;;;
302;31/03/2012;3;5;6;17;32;35;74;REMO/PA;;;;;;;;;;;;;;;;;
303;04/04/2012;10;24;48;50;52;55;80;ATLêTICO/MG;;;;;;;;;;;;;;;;;
304;07/04/2012;2;27;42;58;59;68;80;YPIRANGA/AP;;;;;;;;;;;;;;;;;
305;11/04/2012;24;31;32;35;41;49;75;BRASILIENSE/DF;;;;;;;;;;;;;;;;;
306;14/04/2012;32;40;51;53;63;70;73;SANTO ANDRE/SP;;;;;;;;;;;;;;;;;
307;18/04/2012;5;13;49;61;65;72;80;SPORT/PE;;;;;;;;;;;;;;;;;
308;20/04/2012;2;7;8;17;47;61;70;ATLêTICO/GO;;;;;;;;;;;;;;;;;
309;25/04/2012;2;9;16;24;33;38;67;AMERICANO/RJ;;;;;;;;;;;;;;;;;
310;28/04/2012;9;19;20;32;65;66;70;ATLêTICO/GO;;;;;;;;;;;;;;;;;
311;02/05/2012;3;12;21;29;33;56;69;SERGIPE/SE;;;;;;;;;;;;;;;;;
312;05/05/2012;5;11;12;17;43;45;64;RORAIMA/RR;;;;;;;;;;;;;;;;;
313;09/05/2012;19;33;42;52;58;71;73;U BARBARENSE;;;;;;;;;;;;;;;;;
314;12/05/2012;10;30;32;35;44;48;54;TUNA LUSO/PA;;;;;;;;;;;;;;;;;
315;16/05/2012;4;6;51;52;58;60;63;IPATINGA/MG;;;;;;;;;;;;;;;;;
316;19/05/2012;14;25;27;32;33;44;75;CORINTHIANS/SP;;;;;;;;;;;;;;;;;
317;23/05/2012;6;21;40;60;65;70;72;VASCO DA GAMA/RJ;;;;;;;;;;;;;;;;;
318;26/05/2012;3;9;27;33;43;66;80;FIGUEIRENSE/SC;;;;;;;;;;;;;;;;;
319;30/05/2012;18;21;22;31;55;60;70;BANGU/RJ;;;;;;;;;;;;;;;;;
320;02/06/2012;10;35;39;43;54;55;69;PAULISTA/SP;;;;;;;;;;;;;;;;;
321;06/06/2012;16;24;46;60;66;71;76;LONDRINA/PR;;;;;;;;;;;;;;;;;
322;09/06/2012;3;19;34;46;50;65;66;MOTO CLUBE/MA;;;;;;;;;;;;;;;;;
323;13/06/2012;6;24;25;31;34;41;46;AMêRICA/MG;;;;;;;;;;;;;;;;;
324;16/06/2012;12;25;28;39;47;55;74;ABC/RN;;;;;;;;;;;;;;;;;
325;20/06/2012;2;3;31;57;67;68;70;MIXTO/MT;;;;;;;;;;;;;;;;;
326;23/06/2012;5;16;20;23;45;56;60;CORINTHIANS/SP;;;;;;;;;;;;;;;;;
327;27/06/2012;9;12;13;35;59;63;64;FIGUEIRENSE/SC;;;;;;;;;;;;;;;;;
328;30/06/2012;25;29;38;55;65;69;73;RIO BRANCO/AC;;;;;;;;;;;;;;;;;
329;04/07/2012;21;61;63;67;71;73;79;FIGUEIRENSE/SC;;;;;;;;;;;;;;;;;
330;07/07/2012;4;25;30;32;35;42;79;VILLA NOVA/MG;;;;;;;;;;;;;;;;;
331;11/07/2012;5;11;16;41;47;57;71;SERGIPE/SE;;;;;;;;;;;;;;;;;
332;14/07/2012;6;7;10;30;34;45;63;AMêRICA/RN;;;;;;;;;;;;;;;;;
333;18/07/2012;5;16;25;45;60;64;65;ATHLêTICO/PR;;;;;;;;;;;;;;;;;
334;21/07/2012;2;18;45;48;66;76;80;BOTAFOGO/PB;;;;;;;;;;;;;;;;;
335;25/07/2012;20;26;32;33;36;58;76;CRICIÈMA/SC;;;;;;;;;;;;;;;;;
336;28/07/2012;5;7;25;40;45;75;79;U BARBARENSE;;;;;;;;;;;;;;;;;
337;01/08/2012;24;37;40;41;54;57;71;GR“MIO/RS;;;;;;;;;;;;;;;;;
338;04/08/2012;4;18;48;54;66;68;79;BAHIA/BA;;;;;;;;;;;;;;;;;
339;08/08/2012;7;20;33;41;45;49;50;FLAMENGO/RJ;;;;;;;;;;;;;;;;;
340;11/08/2012;5;19;26;57;63;73;75;AVA÷/SC;;;;;;;;;;;;;;;;;
341;15/08/2012;12;27;31;33;43;60;71;SERGIPE/SE;;;;;;;;;;;;;;;;;
342;18/08/2012;12;13;18;31;40;47;57;MAR÷LIA/SP;;;;;;;;;;;;;;;;;
343;22/08/2012;3;6;14;46;47;57;80;GOIµS/GO;;;;;;;;;;;;;;;;;
344;25/08/2012;8;22;30;39;42;45;63;PAULISTA/SP;;;;;;;;;;;;;;;;;
345;29/08/2012;4;22;25;32;40;54;76;UBERL∂NDIA/MG;;;;;;;;;;;;;;;;;
346;01/09/2012;12;13;22;33;38;72;76;BOTAFOGO/RJ;;;;;;;;;;;;;;;;;
347;05/09/2012;2;7;21;22;33;45;79;YPIRANGA/AP;;;;;;;;;;;;;;;;;
348;08/09/2012;11;18;42;45;55;57;77;BRAGANTINO/SP;;;;;;;;;;;;;;;;;
349;12/09/2012;21;29;45;54;58;72;80;TUNA LUSO/PA;;;;;;;;;;;;;;;;;
350;15/09/2012;6;13;14;39;43;68;70;BRAGANTINO/SP;;;;;;;;;;;;;;;;;
351;19/09/2012;1;4;18;52;54;59;61;GAMA/DF;;;;;;;;;;;;;;;;;
352;22/09/2012;1;6;19;47;52;59;70;AVA÷/SC;;;;;;;;;;;;;;;;;
353;26/09/2012;6;25;38;44;65;66;74;TUNA LUSO/PA;;;;;;;;;;;;;;;;;
354;29/09/2012;8;22;37;57;63;79;80;SAMPAIO CORR“A/MA;;;;;;;;;;;;;;;;;
355;03/10/2012;10;16;24;33;57;72;73;FLUMINENSE/RJ;;;;;;;;;;;;;;;;;
356;06/10/2012;4;6;13;25;28;62;70;CRB/AL;;;;;;;;;;;;;;;;;
357;10/10/2012;2;16;18;36;39;53;66;MOTO CLUBE/MA;;;;;;;;;;;;;;;;;
358;13/10/2012;11;21;23;46;64;73;80;PARANµ/PR;;;;;;;;;;;;;;;;;
359;17/10/2012;1;14;17;28;64;65;78;CORINTHIANS/SP;;;;;;;;;;;;;;;;;
360;20/10/2012;4;10;21;31;33;42;69;S«O CAETANO/SP;;;;;;;;;;;;;;;;;
361;24/10/2012;16;24;29;50;75;77;79;GOIµS/GO;;;;;;;;;;;;;;;;;
362;27/10/2012;6;33;37;38;55;61;64;NACIONAL/AM;;;;;;;;;;;;;;;;;
363;31/10/2012;7;37;44;49;63;66;70;TREZE/PB;;;;;;;;;;;;;;;;;
364;03/11/2012;1;8;19;47;60;62;78;ATLêTICO/MG;;;;;;;;;;;;;;;;;
365;07/11/2012;9;20;33;49;58;61;73;ATHLêTICO/PR;;;;;;;;;;;;;;;;;
366;10/11/2012;11;12;13;51;52;65;75;ITUANO/SP;;;;;;;;;;;;;;;;;
367;14/11/2012;3;4;20;53;63;66;68;AMêRICA/MG;;;;;;;;;;;;;;;;;
368;17/11/2012;2;17;18;32;58;59;71;AMêRICA/RJ;;;;;;;;;;;;;;;;;
369;21/11/2012;2;4;8;24;33;50;65;SAMPAIO CORR“A/MA;;;;;;;;;;;;;;;;;
370;24/11/2012;11;12;48;49;52;63;78;UBERL∂NDIA/MG;;;;;;;;;;;;;;;;;
371;28/11/2012;11;20;37;43;44;55;57;S«O RAIMUNDO/AM;;;;;;;;;;;;;;;;;
372;01/12/2012;15;25;53;62;76;77;80;S«O PAULO/SP;;;;;;;;;;;;;;;;;
373;05/12/2012;15;22;47;48;53;66;80;PONTE PRETA/SP;;;;;;;;;;;;;;;;;
374;08/12/2012;20;23;25;26;32;47;71;CEARµ/CE;;;;;;;;;;;;;;;;;
375;12/12/2012;9;12;15;19;29;51;65;TREZE/PB;;;;;;;;;;;;;;;;;
376;15/12/2012;11;16;20;23;52;53;74;TUNA LUSO/PA;;;;;;;;;;;;;;;;;
377;19/12/2012;4;11;39;43;56;69;79;REMO/PA;;;;;;;;;;;;;;;;;
378;22/12/2012;8;10;16;44;49;57;73;FLAMENGO/RJ;;;;;;;;;;;;;;;;;
379;26/12/2012;4;11;20;31;60;62;73;FIGUEIRENSE/SC;;;;;;;;;;;;;;;;;
380;29/12/2012;16;24;35;38;39;41;51;SANTOS/SP;;;;;;;;;;;;;;;;;
381;02/01/2013;7;20;21;24;25;48;54;OLARIA/RJ;;;;;;;;;;;;;;;;;
382;05/01/2013;4;7;10;17;22;35;61;MIXTO/MT;;;;;;;;;;;;;;;;;
383;09/01/2013;30;35;41;52;56;59;79;SANTOS/SP;;;;;;;;;;;;;;;;;
384;12/01/2013;7;8;24;28;42;63;65;BRAGANTINO/SP;;;;;;;;;;;;;;;;;
385;16/01/2013;7;9;23;24;34;44;64;TUNA LUSO/PA;;;;;;;;;;;;;;;;;
386;19/01/2013;3;32;35;52;67;72;79;AMêRICA/RN;;;;;;;;;;;;;;;;;
387;23/01/2013;6;8;29;48;63;66;76;AMêRICA/MG;;;;;;;;;;;;;;;;;
388;26/01/2013;6;27;54;58;61;63;70;BRAGANTINO/SP;;;;;;;;;;;;;;;;;
389;30/01/2013;1;23;34;36;41;42;43;NµUTICO/PE;;;;;;;;;;;;;;;;;
390;02/02/2013;21;22;32;44;45;46;67;VILA NOVA/GO;;;;;;;;;;;;;;;;;
391;06/02/2013;7;37;48;53;54;78;80;S«O PAULO/SP;;;;;;;;;;;;;;;;;
392;09/02/2013;2;20;55;58;64;65;75;GAMA/DF;;;;;;;;;;;;;;;;;
393;13/02/2013;10;31;33;39;51;59;70;BANGU/RJ;;;;;;;;;;;;;;;;;
394;16/02/2013;17;20;34;45;59;72;74;AMêRICA/RJ;;;;;;;;;;;;;;;;;
395;20/02/2013;20;30;36;40;47;49;58;REMO/PA;;;;;;;;;;;;;;;;;
396;23/02/2013;3;23;28;31;48;49;63;TUNA LUSO/PA;;;;;;;;;;;;;;;;;
397;27/02/2013;1;20;34;45;57;71;72;SERGIPE/SE;;;;;;;;;;;;;;;;;
398;02/03/2013;16;47;57;65;73;74;80;PARANµ/PR;;;;;;;;;;;;;;;;;
399;06/03/2013;1;14;19;20;24;29;42;S«O PAULO/SP;;;;;;;;;;;;;;;;;
400;09/03/2013;11;42;45;65;68;69;80;SERGIPE/SE;;;;;;;;;;;;;;;;;
401;13/03/2013;16;19;24;32;41;65;77;VASCO DA GAMA/RJ;;;;;;;;;;;;;;;;;
402;16/03/2013;38;40;53;55;73;77;79;AVA÷/SC;;;;;;;;;;;;;;;;;
403;20/03/2013;8;14;32;46;51;64;67;ATHLêTICO/PR;;;;;;;;;;;;;;;;;
404;23/03/2013;7;16;21;26;32;50;62;RIVER/PI;;;;;;;;;;;;;;;;;
405;27/03/2013;12;13;22;28;53;66;78;REMO/PA;;;;;;;;;;;;;;;;;
406;30/03/2013;4;30;32;33;55;65;70;CRB/AL;;;;;;;;;;;;;;;;;
407;03/04/2013;6;47;51;63;73;75;77;PALMAS/TO;;;;;;;;;;;;;;;;;
408;06/04/2013;9;15;27;31;46;63;75;INTERNACIONAL/RS;;;;;;;;;;;;;;;;;
409;09/04/2013;5;34;41;56;64;73;75;BAHIA/BA;;;;;;;;;;;;;;;;;
410;11/04/2013;6;10;18;32;33;37;58;ATHLêTICO/PR;;;;;;;;;;;;;;;;;
411;13/04/2013;2;15;21;49;54;67;79;ATLêTICO/GO;;;;;;;;;;;;;;;;;
412;16/04/2013;10;23;29;39;44;62;70;RORAIMA/RR;;;;;;;;;;;;;;;;;
413;18/04/2013;31;33;61;64;66;67;76;ITUANO/SP;;;;;;;;;;;;;;;;;
414;20/04/2013;13;20;36;40;44;60;79;FIGUEIRENSE/SC;;;;;;;;;;;;;;;;;
415;23/04/2013;1;12;35;41;45;54;55;JUVENTUDE/RS;;;;;;;;;;;;;;;;;
416;25/04/2013;2;16;27;38;49;56;69;REMO/PA;;;;;;;;;;;;;;;;;
417;27/04/2013;16;22;28;36;41;43;44;CORITIBA/PR;;;;;;;;;;;;;;;;;
418;30/04/2013;6;25;31;32;39;44;60;NµUTICO/PE;;;;;;;;;;;;;;;;;
419;02/05/2013;2;3;5;16;24;44;70;SAMPAIO CORR“A/MA;;;;;;;;;;;;;;;;;
420;04/05/2013;23;32;37;45;56;66;67;LONDRINA/PR;;;;;;;;;;;;;;;;;
421;07/05/2013;1;12;17;40;42;65;79;ATLêTICO/GO;;;;;;;;;;;;;;;;;
422;09/05/2013;4;6;8;31;39;43;52;SPORT/PE;;;;;;;;;;;;;;;;;
423;11/05/2013;4;35;45;46;71;72;77;NµUTICO/PE;;;;;;;;;;;;;;;;;
424;14/05/2013;13;16;29;44;70;78;80;IPATINGA/MG;;;;;;;;;;;;;;;;;
425;16/05/2013;2;6;7;19;24;54;68;CRUZEIRO/MG;;;;;;;;;;;;;;;;;
426;18/05/2013;6;20;28;32;43;45;75;ATHLêTICO/PR;;;;;;;;;;;;;;;;;
427;21/05/2013;13;16;31;45;63;67;74;RIO BRANCO/ES;;;;;;;;;;;;;;;;;
428;23/05/2013;6;13;14;25;39;48;74;GR“MIO/RS;;;;;;;;;;;;;;;;;
429;25/05/2013;5;6;38;40;47;61;75;BANGU/RJ;;;;;;;;;;;;;;;;;
430;28/05/2013;11;21;28;32;54;78;79;S«O PAULO/SP;;;;;;;;;;;;;;;;;
431;01/06/2013;1;2;28;44;46;48;72;BARUERI/SP;;;;;;;;;;;;;;;;;
432;04/06/2013;11;21;28;31;58;64;70;SANTOS/SP;;;;;;;;;;;;;;;;;
433;06/06/2013;1;4;17;36;43;72;79;MOTO CLUBE/MA;;;;;;;;;;;;;;;;;
434;08/06/2013;10;21;25;27;47;60;80;VIT‡RIA/BA;;;;;;;;;;;;;;;;;
435;11/06/2013;15;22;34;36;53;57;58;JUVENTUS/SP;;;;;;;;;;;;;;;;;
436;13/06/2013;1;6;9;10;16;23;24;ATLêTICO/GO;;;;;;;;;;;;;;;;;
437;15/06/2013;15;30;37;45;57;60;78;CORINTHIANS/SP;;;;;;;;;;;;;;;;;
438;18/06/2013;17;20;29;36;42;52;74;ATHLêTICO/PR;;;;;;;;;;;;;;;;;
439;20/06/2013;1;6;36;46;62;69;70;RORAIMA/RR;;;;;;;;;;;;;;;;;
440;22/06/2013;12;27;39;54;56;58;72;INTERNACIONAL/RS;;;;;;;;;;;;;;;;;
441;25/06/2013;13;19;20;23;38;60;63;S«O CAETANO/SP;;;;;;;;;;;;;;;;;
442;27/06/2013;1;15;39;43;50;53;66;BRASILIENSE/DF;;;;;;;;;;;;;;;;;
443;29/06/2013;8;13;51;53;71;73;79;CRICIÈMA/SC;;;;;;;;;;;;;;;;;
444;02/07/2013;3;11;35;46;56;72;79;ITUANO/SP;;;;;;;;;;;;;;;;;
445;04/07/2013;9;17;28;38;46;64;76;BARUERI/SP;;;;;;;;;;;;;;;;;
446;06/07/2013;15;29;35;43;57;65;77;JUVENTUDE/RS;;;;;;;;;;;;;;;;;
447;09/07/2013;10;23;25;29;49;51;70;FLUMINENSE/RJ;;;;;;;;;;;;;;;;;
448;11/07/2013;1;16;21;32;42;63;80;MOTO CLUBE/MA;;;;;;;;;;;;;;;;;
449;13/07/2013;10;24;36;38;53;64;69;VILA NOVA/GO;;;;;;;;;;;;;;;;;
450;16/07/2013;6;9;15;24;27;44;76;ATHLêTICO/PR;;;;;;;;;;;;;;;;;
451;18/07/2013;20;22;29;36;44;48;78;FORTALEZA/CE;;;;;;;;;;;;;;;;;
452;20/07/2013;37;38;40;67;70;74;79;MOTO CLUBE/MA;;;;;;;;;;;;;;;;;
453;23/07/2013;1;5;32;46;57;66;79;AMERICANO/RJ;;;;;;;;;;;;;;;;;
454;25/07/2013;2;10;42;58;61;68;69;SAMPAIO CORR“A/MA;;;;;;;;;;;;;;;;;
455;27/07/2013;18;21;23;60;70;76;78;AMêRICA/MG;;;;;;;;;;;;;;;;;
456;30/07/2013;11;17;24;36;43;72;73;JOINVILLE/SC;;;;;;;;;;;;;;;;;
457;01/08/2013;2;9;25;40;46;68;72;MOTO CLUBE/MA;;;;;;;;;;;;;;;;;
458;03/08/2013;12;25;30;31;64;66;77;ATLêTICO/GO;;;;;;;;;;;;;;;;;
459;06/08/2013;2;8;10;14;41;44;50;UBERL∂NDIA/MG;;;;;;;;;;;;;;;;;
460;08/08/2013;9;18;29;39;46;52;60;BAHIA/BA;;;;;;;;;;;;;;;;;
461;10/08/2013;3;4;11;22;24;67;76;BRAGANTINO/SP;;;;;;;;;;;;;;;;;
462;13/08/2013;11;12;28;39;57;70;71;CSA/AL;;;;;;;;;;;;;;;;;
463;15/08/2013;4;5;48;55;63;66;68;TUNA LUSO/PA;;;;;;;;;;;;;;;;;
464;17/08/2013;2;12;16;37;45;60;76;OPERARIO/MS;;;;;;;;;;;;;;;;;
465;20/08/2013;12;23;39;47;62;71;79;BOTAFOGO/PB;;;;;;;;;;;;;;;;;
466;22/08/2013;11;31;43;50;64;66;72;RORAIMA/RR;;;;;;;;;;;;;;;;;
467;24/08/2013;1;19;34;40;42;53;80;RIVER/PI;;;;;;;;;;;;;;;;;
468;27/08/2013;11;14;16;24;33;56;79;DESPORTIVA/ES;;;;;;;;;;;;;;;;;
469;29/08/2013;18;25;36;49;59;65;77;NµUTICO/PE;;;;;;;;;;;;;;;;;
470;31/08/2013;22;37;38;48;56;64;75;BOTAFOGO/PB;;;;;;;;;;;;;;;;;
471;03/09/2013;18;20;43;56;65;66;71;PORT DESPORT;;;;;;;;;;;;;;;;;
472;05/09/2013;7;11;12;18;20;28;63;VILA NOVA/GO;;;;;;;;;;;;;;;;;
473;10/09/2013;32;55;63;65;70;71;73;BARUERI/SP;;;;;;;;;;;;;;;;;
474;12/09/2013;5;25;38;48;57;62;63;PAULISTA/SP;;;;;;;;;;;;;;;;;
475;14/09/2013;28;36;63;64;65;68;76;RIO BRANCO/AC;;;;;;;;;;;;;;;;;
476;17/09/2013;13;29;43;45;48;58;73;S«O PAULO/SP;;;;;;;;;;;;;;;;;
477;19/09/2013;12;14;28;41;55;68;71;VIT‡RIA/BA;;;;;;;;;;;;;;;;;
478;21/09/2013;11;27;38;43;47;63;69;RIO BRANCO/ES;;;;;;;;;;;;;;;;;
479;24/09/2013;26;29;31;44;65;72;80;BRASILIENSE/DF;;;;;;;;;;;;;;;;;
480;26/09/2013;10;12;28;35;38;60;68;SANTOS/SP;;;;;;;;;;;;;;;;;
481;28/09/2013;3;6;25;26;37;76;78;VILLA NOVA/MG;;;;;;;;;;;;;;;;;
482;01/10/2013;15;16;21;33;35;55;80;RIO BRANCO/ES;;;;;;;;;;;;;;;;;
483;03/10/2013;12;26;31;36;55;71;79;GR“MIO/RS;;;;;;;;;;;;;;;;;
484;05/10/2013;4;28;29;33;39;47;71;GR“MIO/RS;;;;;;;;;;;;;;;;;
485;08/10/2013;4;5;19;24;28;30;48;FORTALEZA/CE;;;;;;;;;;;;;;;;;
486;10/10/2013;27;39;42;51;56;61;77;VIT‡RIA/BA;;;;;;;;;;;;;;;;;
487;15/10/2013;5;42;48;52;55;57;78;SANTA CRUZ/PE;;;;;;;;;;;;;;;;;
488;17/10/2013;15;30;34;36;37;57;60;DESPORTIVA/ES;;;;;;;;;;;;;;;;;
489;19/10/2013;2;4;7;49;66;69;77;VILA NOVA/GO;;;;;;;;;;;;;;;;;
490;22/10/2013;13;17;28;45;46;77;79;VASCO DA GAMA/RJ;;;;;;;;;;;;;;;;;
491;24/10/2013;4;13;48;55;60;62;80;YPIRANGA/AP;;;;;;;;;;;;;;;;;
492;26/10/2013;2;20;21;30;57;65;76;PAULISTA/SP;;;;;;;;;;;;;;;;;
493;29/10/2013;1;16;42;46;51;60;77;CORINTHIANS/SP;;;;;;;;;;;;;;;;;
494;31/10/2013;6;22;33;40;49;56;74;VIT‡RIA/BA;;;;;;;;;;;;;;;;;
495;05/11/2013;3;6;19;46;50;61;62;FORTALEZA/CE;;;;;;;;;;;;;;;;;
496;07/11/2013;20;34;43;44;69;70;75;JUVENTUS/SP;;;;;;;;;;;;;;;;;
497;09/11/2013;6;20;31;34;42;49;79;AMêRICA/RN;;;;;;;;;;;;;;;;;
498;12/11/2013;17;35;37;48;53;56;80;MIXTO/MT;;;;;;;;;;;;;;;;;
499;14/11/2013;11;13;28;42;50;66;67;UBERL∂NDIA/MG;;;;;;;;;;;;;;;;;
500;16/11/2013;9;11;44;57;65;75;78;ATLêTICO/GO;;;;;;;;;;;;;;;;;
501;19/11/2013;12;16;28;30;33;49;61;SANTOS/SP;;;;;;;;;;;;;;;;;
502;21/11/2013;14;33;38;57;66;70;79;AMERICANO/RJ;;;;;;;;;;;;;;;;;
503;23/11/2013;1;2;23;33;38;47;51;GR“MIO/RS;;;;;;;;;;;;;;;;;
504;26/11/2013;33;34;41;44;65;74;79;NACIONAL/AM;;;;;;;;;;;;;;;;;
505;28/11/2013;7;8;39;40;55;75;76;PAYSANDU/PA;;;;;;;;;;;;;;;;;
506;30/11/2013;14;21;39;41;42;48;50;LONDRINA/PR;;;;;;;;;;;;;;;;;
507;03/12/2013;8;21;28;32;58;61;65;U BARBARENSE;;;;;;;;;;;;;;;;;
508;05/12/2013;25;28;33;35;47;51;80;PAULISTA/SP;;;;;;;;;;;;;;;;;
509;07/12/2013;6;23;28;29;45;53;72;CORINTHIANS/SP;;;;;;;;;;;;;;;;;
510;10/12/2013;7;10;44;52;69;79;80;XV PIRACICABA/SP;;;;;;;;;;;;;;;;;
511;12/12/2013;3;13;31;43;63;66;79;FORTALEZA/CE;;;;;;;;;;;;;;;;;
512;14/12/2013;4;7;11;19;39;59;63;INTER LIMEIRA/SP;;;;;;;;;;;;;;;;;
513;17/12/2013;5;8;26;35;41;43;69;BAHIA/BA;;;;;;;;;;;;;;;;;
514;19/12/2013;26;29;41;44;68;71;73;GOIµS/GO;;;;;;;;;;;;;;;;;
515;21/12/2013;9;17;21;26;70;78;79;ABC/RN;;;;;;;;;;;;;;;;;
516;24/12/2013;1;21;30;58;59;71;80;XV PIRACICABA/SP;;;;;;;;;;;;;;;;;
517;26/12/2013;8;15;22;32;36;42;57;CRICIÈMA/SC;;;;;;;;;;;;;;;;;
518;28/12/2013;1;13;44;47;56;59;75;ATLêTICO/GO;;;;;;;;;;;;;;;;;
519;31/12/2013;48;52;57;61;73;76;77;MOTO CLUBE/MA;;;;;;;;;;;;;;;;;
520;02/01/2014;25;27;31;32;59;67;80;PALMAS/TO;;;;;;;;;;;;;;;;;
521;04/01/2014;6;10;17;20;42;48;53;AVA÷/SC;;;;;;;;;;;;;;;;;
522;07/01/2014;23;39;50;59;61;65;72;XV PIRACICABA/SP;;;;;;;;;;;;;;;;;
523;09/01/2014;4;24;36;56;67;72;78;JUVENTUDE/RS;;;;;;;;;;;;;;;;;
524;11/01/2014;12;15;26;38;58;77;80;S«O RAIMUNDO/AM;;;;;;;;;;;;;;;;;
525;14/01/2014;8;13;37;42;45;61;66;PONTE PRETA/SP;;;;;;;;;;;;;;;;;
526;16/01/2014;1;11;17;18;47;63;80;FIGUEIRENSE/SC;;;;;;;;;;;;;;;;;
527;18/01/2014;12;13;20;35;46;70;80;PORT DESPORT;;;;;;;;;;;;;;;;;
528;21/01/2014;26;31;42;44;50;67;77;FLAMENGO/RJ;;;;;;;;;;;;;;;;;
529;23/01/2014;22;36;40;50;53;60;78;IPATINGA/MG;;;;;;;;;;;;;;;;;
530;25/01/2014;10;21;33;45;49;58;70;OLARIA/RJ;;;;;;;;;;;;;;;;;
531;28/01/2014;23;50;54;61;66;72;74;GAMA/DF;;;;;;;;;;;;;;;;;
532;30/01/2014;18;19;30;32;42;63;70;PAULISTA/SP;;;;;;;;;;;;;;;;;
533;01/02/2014;4;10;35;36;54;55;56;ITUANO/SP;;;;;;;;;;;;;;;;;
534;04/02/2014;1;4;22;27;32;61;70;CRICIÈMA/SC;;;;;;;;;;;;;;;;;
535;06/02/2014;7;15;20;34;47;59;75;AVA÷/SC;;;;;;;;;;;;;;;;;
536;08/02/2014;2;28;33;47;61;65;77;SANTO ANDRê/SP;;;;;;;;;;;;;;;;;
537;11/02/2014;17;28;35;44;53;66;79;SPORT/PE;;;;;;;;;;;;;;;;;
538;13/02/2014;7;32;35;42;56;57;75;FIGUEIRENSE/SC;;;;;;;;;;;;;;;;;
539;15/02/2014;5;14;33;41;49;64;73;XV PIRACICABA/SP;;;;;;;;;;;;;;;;;
540;18/02/2014;6;10;54;62;66;67;72;RORAIMA/RR;;;;;;;;;;;;;;;;;
541;20/02/2014;10;45;60;67;73;76;77;PALMAS/TO;;;;;;;;;;;;;;;;;
542;22/02/2014;2;4;19;36;46;57;63;AMERICANO/RJ;;;;;;;;;;;;;;;;;
543;25/02/2014;5;8;20;34;37;39;47;LONDRINA/PR;;;;;;;;;;;;;;;;;
544;27/02/2014;7;23;26;33;46;48;75;YPIRANGA/AP;;;;;;;;;;;;;;;;;
545;01/03/2014;17;28;31;39;49;66;70;SANTOS/SP;;;;;;;;;;;;;;;;;
546;06/03/2014;15;17;31;39;44;49;72;UBERL∂NDIA/MG;;;;;;;;;;;;;;;;;
547;08/03/2014;20;21;33;45;62;71;75;MIXTO/MT;;;;;;;;;;;;;;;;;
548;11/03/2014;4;18;29;56;59;69;75;S«O CAETANO/SP;;;;;;;;;;;;;;;;;
549;13/03/2014;1;21;22;35;42;66;75;NACIONAL/AM;;;;;;;;;;;;;;;;;
550;15/03/2014;26;42;45;46;59;63;80;VIT‡RIA/BA;;;;;;;;;;;;;;;;;
551;18/03/2014;2;19;27;40;45;63;73;OLARIA/RJ;;;;;;;;;;;;;;;;;
552;20/03/2014;4;17;22;44;49;62;66;GAMA/DF;;;;;;;;;;;;;;;;;
553;22/03/2014;23;29;31;33;65;74;79;INTER LIMEIRA/SP;;;;;;;;;;;;;;;;;
554;25/03/2014;28;49;53;66;67;74;79;ATLêTICO/MG;;;;;;;;;;;;;;;;;
555;27/03/2014;14;35;39;43;68;72;77;PAULISTA/SP;;;;;;;;;;;;;;;;;
556;29/03/2014;10;21;25;30;55;57;65;MAR÷LIA/SP;;;;;;;;;;;;;;;;;
557;01/04/2014;8;22;37;40;60;65;72;S«O RAIMUNDO/AM;;;;;;;;;;;;;;;;;
558;03/04/2014;27;31;45;65;67;68;72;PALMEIRAS/SP;;;;;;;;;;;;;;;;;
559;05/04/2014;9;10;13;19;32;51;60;FLUMINENSE/RJ;;;;;;;;;;;;;;;;;
560;08/04/2014;15;23;39;45;56;75;76;CEARµ/CE;;;;;;;;;;;;;;;;;
561;10/04/2014;10;27;28;31;53;57;58;TUNA LUSO/PA;;;;;;;;;;;;;;;;;
562;12/04/2014;7;23;29;31;49;74;76;VILLA NOVA/MG;;;;;;;;;;;;;;;;;
563;15/04/2014;8;12;14;36;50;69;70;IPATINGA/MG;;;;;;;;;;;;;;;;;
564;17/04/2014;2;10;18;19;40;62;69;TUNA LUSO/PA;;;;;;;;;;;;;;;;;
565;19/04/2014;15;18;24;26;31;46;73;INTER LIMEIRA/SP;;;;;;;;;;;;;;;;;
566;22/04/2014;7;8;20;23;29;40;49;U BARBARENSE;;;;;;;;;;;;;;;;;
567;24/04/2014;1;5;25;39;40;57;77;JOINVILLE/SC;;;;;;;;;;;;;;;;;
568;26/04/2014;6;22;25;45;66;68;75;YPIRANGA/AP;;;;;;;;;;;;;;;;;
569;29/04/2014;1;13;47;52;64;66;74;AMêRICA/RJ;;;;;;;;;;;;;;;;;
570;03/05/2014;8;21;36;61;63;69;80;NACIONAL/AM;;;;;;;;;;;;;;;;;
571;06/05/2014;7;10;18;37;43;53;54;JOINVILLE/SC;;;;;;;;;;;;;;;;;
572;08/05/2014;5;17;22;23;28;33;74;ITUANO/SP;;;;;;;;;;;;;;;;;
573;10/05/2014;2;12;25;37;42;49;76;BOTAFOGO/RJ;;;;;;;;;;;;;;;;;
574;13/05/2014;12;33;43;52;59;61;65;ITUANO/SP;;;;;;;;;;;;;;;;;
575;15/05/2014;6;14;21;22;40;43;47;BARUERI/SP;;;;;;;;;;;;;;;;;
576;17/05/2014;13;14;20;43;68;69;71;CORINTHIANS/SP;;;;;;;;;;;;;;;;;
577;20/05/2014;10;21;54;61;62;72;80;RORAIMA/RR;;;;;;;;;;;;;;;;;
578;22/05/2014;5;6;12;23;33;36;63;BAHIA/BA;;;;;;;;;;;;;;;;;
579;24/05/2014;3;7;26;30;42;54;69;GAMA/DF;;;;;;;;;;;;;;;;;
580;27/05/2014;2;4;8;39;42;60;66;REMO/PA;;;;;;;;;;;;;;;;;
581;29/05/2014;5;24;25;56;57;58;64;PAYSANDU/PA;;;;;;;;;;;;;;;;;
582;31/05/2014;21;28;50;57;58;70;77;SANTO ANDRê/SP;;;;;;;;;;;;;;;;;
583;03/06/2014;11;18;29;32;35;48;49;RIO BRANCO/AC;;;;;;;;;;;;;;;;;
584;05/06/2014;4;5;23;31;54;71;75;PALMEIRAS/SP;;;;;;;;;;;;;;;;;
585;07/06/2014;28;36;50;54;56;57;70;S«O PAULO/SP;;;;;;;;;;;;;;;;;
586;10/06/2014;11;33;51;52;54;78;80;MIXTO/MT;;;;;;;;;;;;;;;;;
587;12/06/2014;19;21;26;30;50;61;80;DESPORTIVA/ES;;;;;;;;;;;;;;;;;
588;14/06/2014;34;36;39;52;63;73;80;MOTO CLUBE/MA;;;;;;;;;;;;;;;;;
589;17/06/2014;3;32;35;43;50;69;75;CEARµ/CE;;;;;;;;;;;;;;;;;
590;21/06/2014;16;20;21;22;76;77;78;JUVENTUDE/RS;;;;;;;;;;;;;;;;;
591;24/06/2014;11;19;21;23;38;48;66;INTER LIMEIRA/SP;;;;;;;;;;;;;;;;;
592;26/06/2014;7;30;34;42;55;67;76;OLARIA/RJ;;;;;;;;;;;;;;;;;
593;28/06/2014;1;25;34;52;58;64;69;NACIONAL/AM;;;;;;;;;;;;;;;;;
594;01/07/2014;1;10;23;45;46;68;74;PAYSANDU/PA;;;;;;;;;;;;;;;;;
595;03/07/2014;1;3;10;41;51;52;54;SAMPAIO CORR“A/MA;;;;;;;;;;;;;;;;;
596;05/07/2014;14;19;20;28;55;76;79;SANTO ANDRê/SP;;;;;;;;;;;;;;;;;
597;08/07/2014;13;32;39;40;46;54;65;INTER LIMEIRA/SP;;;;;;;;;;;;;;;;;
598;10/07/2014;1;2;12;20;29;46;71;MOTO CLUBE/MA;;;;;;;;;;;;;;;;;
599;12/07/2014;2;13;25;39;47;50;68;BOTAFOGO/RJ;;;;;;;;;;;;;;;;;
600;15/07/2014;13;19;27;29;42;44;57;YPIRANGA/AP;;;;;;;;;;;;;;;;;
601;17/07/2014;15;18;55;56;62;67;77;CRB/AL;;;;;;;;;;;;;;;;;
602;19/07/2014;4;14;16;25;60;69;74;FLUMINENSE/RJ;;;;;;;;;;;;;;;;;
603;22/07/2014;3;37;46;57;59;63;78;S«O CAETANO/SP;;;;;;;;;;;;;;;;;
604;24/07/2014;2;29;35;52;58;68;74;XV PIRACICABA/SP;;;;;;;;;;;;;;;;;
605;26/07/2014;33;42;49;62;71;72;78;ATHLêTICO/PR;;;;;;;;;;;;;;;;;
606;29/07/2014;16;39;43;47;66;69;70;SERGIPE/SE;;;;;;;;;;;;;;;;;
607;31/07/2014;6;14;20;24;33;40;57;PARANµ/PR;;;;;;;;;;;;;;;;;
608;02/08/2014;25;40;53;71;72;74;75;CRB/AL;;;;;;;;;;;;;;;;;
609;05/08/2014;2;4;5;12;31;60;73;PARANµ/PR;;;;;;;;;;;;;;;;;
610;07/08/2014;18;34;37;53;64;67;71;SERGIPE/SE;;;;;;;;;;;;;;;;;
611;09/08/2014;13;29;38;39;44;60;77;YPIRANGA/AP;;;;;;;;;;;;;;;;;
612;12/08/2014;7;10;28;29;60;70;71;PARANµ/PR;;;;;;;;;;;;;;;;;
613;14/08/2014;1;5;18;29;51;54;68;BANGU/RJ;;;;;;;;;;;;;;;;;
614;16/08/2014;2;34;40;51;53;56;67;RIO BRANCO/AC;;;;;;;;;;;;;;;;;
615;19/08/2014;20;35;43;50;67;77;78;JI-PARANµ / RO;;;;;;;;;;;;;;;;;
616;21/08/2014;10;15;25;51;52;53;62;PALMAS/TO;;;;;;;;;;;;;;;;;
617;23/08/2014;12;18;19;20;23;47;63;FIGUEIRENSE;;;;;;;;;;;;;;;;;
618;26/08/2014;11;23;25;31;33;54;71;GOIAS;;;;;;;;;;;;;;;;;
619;28/08/2014;6;15;30;34;42;66;70;DESPORTIVA/ES;;;;;;;;;;;;;;;;;
620;30/08/2014;7;30;35;47;71;72;77;PALMAS/TO;;;;;;;;;;;;;;;;;
621;02/09/2014;15;29;44;48;57;63;72;RORAIMA/RR;;;;;;;;;;;;;;;;;
622;04/09/2014;6;27;50;51;52;55;66;CORINTHIANS/SP;;;;;;;;;;;;;;;;;
623;06/09/2014;42;62;68;74;76;77;78;TUNA LUSO/PA;;;;;;;;;;;;;;;;;
624;09/09/2014;3;27;35;45;60;73;76;GR“MIO/RS;;;;;;;;;;;;;;;;;
625;11/09/2014;3;32;43;50;56;67;73;MIXTO/MT;;;;;;;;;;;;;;;;;
626;13/09/2014;7;12;14;29;44;50;56;PALMAS/TO;;;;;;;;;;;;;;;;;
627;16/09/2014;4;32;43;50;66;74;75;BRAGANTINO/SP;;;;;;;;;;;;;;;;;
628;18/09/2014;9;16;39;43;58;67;69;AVA÷/SC;;;;;;;;;;;;;;;;;
629;20/09/2014;31;40;52;55;57;67;70;BOTAFOGO/RJ;;;;;;;;;;;;;;;;;
630;23/09/2014;12;15;26;35;49;50;62;JUVENTUS/SP;;;;;;;;;;;;;;;;;
631;25/09/2014;14;19;21;34;35;60;65;XV PIRACICABA/SP;;;;;;;;;;;;;;;;;
632;27/09/2014;14;17;18;35;38;39;40;BANGU/RJ;;;;;;;;;;;;;;;;;
633;30/09/2014;1;17;30;37;43;69;77;IPATINGA/MG;;;;;;;;;;;;;;;;;
634;02/10/2014;14;22;26;30;38;69;71;SANTA CRUZ/PE;;;;;;;;;;;;;;;;;
635;04/10/2014;7;13;36;55;68;71;72;AMêRICA/RN;;;;;;;;;;;;;;;;;
636;07/10/2014;12;16;21;48;55;73;75;SANTOS/SP;;;;;;;;;;;;;;;;;
637;09/10/2014;13;19;21;26;43;72;76;OPERARIO/MS;;;;;;;;;;;;;;;;;
638;11/10/2014;3;4;14;17;23;29;69;VILLA NOVA/MG;;;;;;;;;;;;;;;;;
639;14/10/2014;15;19;20;37;44;69;74;JI-PARANµ / RO;;;;;;;;;;;;;;;;;
640;16/10/2014;3;11;26;31;37;52;66;VIT‡RIA/BA;;;;;;;;;;;;;;;;;
641;18/10/2014;8;15;21;33;38;51;80;U BARBARENSE;;;;;;;;;;;;;;;;;
642;21/10/2014;7;8;23;30;41;61;64;BOTAFOGO/RJ;;;;;;;;;;;;;;;;;
643;23/10/2014;2;20;38;43;64;66;70;IPATINGA/MG;;;;;;;;;;;;;;;;;
644;25/10/2014;7;14;26;35;42;61;72;SANTOS/SP;;;;;;;;;;;;;;;;;
645;28/10/2014;2;8;14;21;24;32;40;PALMEIRAS/SP;;;;;;;;;;;;;;;;;
646;30/10/2014;5;25;39;50;55;63;78;CRICIÈMA/SC;;;;;;;;;;;;;;;;;
647;01/11/2014;30;34;48;55;57;67;69;CSA;;;;;;;;;;;;;;;;;
648;04/11/2014;6;46;56;58;69;71;77;SPORT/PE;;;;;;;;;;;;;;;;;
649;06/11/2014;2;29;35;39;47;57;77;GOIµS/GO;;;;;;;;;;;;;;;;;
650;08/11/2014;14;20;23;40;62;75;80;VILA NOVA/MG;;;;;;;;;;;;;;;;;
651;11/11/2014;4;41;49;57;58;62;75;MAR÷LIA/SP;;;;;;;;;;;;;;;;;
652;13/11/2014;2;9;24;25;30;49;65;GR“MIO/RS;;;;;;;;;;;;;;;;;
653;18/11/2014;5;21;26;28;34;55;58;ATHLêTICO/PR;;;;;;;;;;;;;;;;;
654;20/11/2014;12;13;14;41;48;60;69;FLAMENGO/RJ;;;;;;;;;;;;;;;;;
655;22/11/2014;23;40;48;53;62;65;78;S«O PAULO/SP;;;;;;;;;;;;;;;;;
656;25/11/2014;2;5;21;45;61;69;74;VASCO DA GAMA/RJ;;;;;;;;;;;;;;;;;
657;27/11/2014;2;11;13;14;25;40;64;CORITIBA/PR;;;;;;;;;;;;;;;;;
658;29/11/2014;19;20;25;40;58;64;65;AMêRICA/RJ;;;;;;;;;;;;;;;;;
659;02/12/2014;6;21;34;39;45;54;63;PALMEIRAS/SP;;;;;;;;;;;;;;;;;
660;04/12/2014;8;13;35;43;47;59;72;VILA NOVA/GO;;;;;;;;;;;;;;;;;
661;06/12/2014;21;23;29;36;38;46;59;ABC/RN;;;;;;;;;;;;;;;;;
662;09/12/2014;7;12;29;47;58;67;70;AVA÷/SC;;;;;;;;;;;;;;;;;
663;11/12/2014;5;7;27;44;58;60;77;TUNA LUSO/PA;;;;;;;;;;;;;;;;;
664;13/12/2014;13;14;17;25;33;35;57;IPATINGA/MG;;;;;;;;;;;;;;;;;
665;16/12/2014;4;26;27;36;42;70;74;MIXTO/MT;;;;;;;;;;;;;;;;;
666;18/12/2014;32;37;42;57;68;74;80;CRICIÈMA/SC;;;;;;;;;;;;;;;;;
667;20/12/2014;1;12;14;16;18;23;77;CEARµ/CE;;;;;;;;;;;;;;;;;
668;23/12/2014;8;15;25;51;60;66;69;ATLêTICO/MG;;;;;;;;;;;;;;;;;
669;27/12/2014;11;27;28;32;34;41;60;CSA/AL;;;;;;;;;;;;;;;;;
670;30/12/2014;9;15;16;32;57;64;69;AMêRICA/MG;;;;;;;;;;;;;;;;;
671;03/01/2015;5;11;43;50;55;60;61;VILLA NOVA/MG;;;;;;;;;;;;;;;;;
672;06/01/2015;10;26;37;42;52;61;71;MIXTO/MT;;;;;;;;;;;;;;;;;
673;08/01/2015;11;27;36;38;48;57;75;ATLêTICO/GO;;;;;;;;;;;;;;;;;
674;10/01/2015;3;22;25;30;33;39;71;S«O PAULO/SP;;;;;;;;;;;;;;;;;
675;13/01/2015;22;25;48;56;61;63;76;ATLêTICO/GO;;;;;;;;;;;;;;;;;
676;15/01/2015;8;18;26;30;43;62;79;PONTE PRETA/SP;;;;;;;;;;;;;;;;;
677;17/01/2015;1;4;16;21;41;42;64;IPATINGA/MG;;;;;;;;;;;;;;;;;
678;20/01/2015;33;40;50;56;58;59;61;IPATINGA/MG;;;;;;;;;;;;;;;;;
679;22/01/2015;2;7;18;44;45;66;77;FLAMENGO/RJ;;;;;;;;;;;;;;;;;
680;24/01/2015;2;4;5;44;67;68;79;RIO BRANCO/AC;;;;;;;;;;;;;;;;;
681;27/01/2015;7;11;21;28;42;57;79;PALMEIRAS/SP;;;;;;;;;;;;;;;;;
682;29/01/2015;5;19;33;42;46;69;75;GR“MIO/RS;;;;;;;;;;;;;;;;;
683;31/01/2015;1;12;32;41;64;68;77;CRB/AL;;;;;;;;;;;;;;;;;
684;03/02/2015;5;24;34;43;66;74;77;VIT‡RIA/BA;;;;;;;;;;;;;;;;;
685;05/02/2015;3;4;15;23;33;67;72;CRB/AL;;;;;;;;;;;;;;;;;
686;07/02/2015;4;11;20;24;29;35;58;RIO BRANCO/ES;;;;;;;;;;;;;;;;;
687;10/02/2015;6;7;8;50;55;56;58;INTERNACIONAL/RS;;;;;;;;;;;;;;;;;
688;12/02/2015;26;33;37;38;46;64;74;PORT DESPORT;;;;;;;;;;;;;;;;;
689;14/02/2015;2;26;30;43;68;76;79;BRAGANTINO/SP;;;;;;;;;;;;;;;;;
690;19/02/2015;3;4;8;35;52;66;78;SANTO ANDRê/SP;;;;;;;;;;;;;;;;;
691;21/02/2015;17;38;48;64;68;73;79;S«O CAETANO/SP;;;;;;;;;;;;;;;;;
692;24/02/2015;13;19;27;35;55;64;66;VILLA NOVA/MG;;;;;;;;;;;;;;;;;
693;26/02/2015;7;17;24;34;40;51;59;PONTE PRETA/SP;;;;;;;;;;;;;;;;;
694;28/02/2015;4;15;57;61;62;64;70;NACIONAL/AM;;;;;;;;;;;;;;;;;
695;03/03/2015;3;15;20;26;36;53;69;MAR÷LIA/SP;;;;;;;;;;;;;;;;;
696;05/03/2015;10;21;30;38;41;47;78;AMERICANO/RJ;;;;;;;;;;;;;;;;;
697;07/03/2015;22;23;30;54;57;65;75;PALMAS/TO;;;;;;;;;;;;;;;;;
698;10/03/2015;6;16;18;27;34;45;47;SANTA CRUZ/PE;;;;;;;;;;;;;;;;;
699;12/03/2015;23;32;33;42;47;54;78;AMêRICA/RJ;;;;;;;;;;;;;;;;;
700;14/03/2015;20;23;25;52;60;73;77;RIO BRANCO/AC;;;;;;;;;;;;;;;;;
701;17/03/2015;1;6;36;44;56;61;75;PALMAS/TO;;;;;;;;;;;;;;;;;
702;19/03/2015;25;40;44;46;52;60;62;CRUZEIRO/MG;;;;;;;;;;;;;;;;;
703;21/03/2015;10;27;34;39;40;54;59;FLUMINENSE/RJ;;;;;;;;;;;;;;;;;
704;24/03/2015;3;7;31;37;65;70;72;AMERICANO/RJ;;;;;;;;;;;;;;;;;
705;26/03/2015;29;32;34;37;42;46;47;GUARANI/SP;;;;;;;;;;;;;;;;;
706;28/03/2015;30;38;41;44;48;57;73;OLARIA/RJ;;;;;;;;;;;;;;;;;
707;31/03/2015;24;47;58;60;64;75;80;JUVENTUS/SP;;;;;;;;;;;;;;;;;
708;02/04/2015;4;9;10;27;31;77;79;SAMPAIO CORR“A/MA;;;;;;;;;;;;;;;;;
709;04/04/2015;19;26;28;38;48;65;72;S«O RAIMUNDO/AM;;;;;;;;;;;;;;;;;
710;07/04/2015;7;11;12;45;65;69;80;UBERL∂NDIA/MG;;;;;;;;;;;;;;;;;
711;09/04/2015;3;27;33;34;39;45;65;FLUMINENSE/RJ;;;;;;;;;;;;;;;;;
712;11/04/2015;2;41;50;55;56;62;79;BOTAFOGO/RJ;;;;;;;;;;;;;;;;;
713;14/04/2015;20;24;27;39;52;60;80;GAMA/DF;;;;;;;;;;;;;;;;;
714;16/04/2015;11;31;34;57;64;71;72;PARANµ/PR;;;;;;;;;;;;;;;;;
715;18/04/2015;26;39;41;45;47;53;64;VIT‡RIA/BA;;;;;;;;;;;;;;;;;
716;23/04/2015;10;16;20;25;44;62;66;PARANµ/PR;;;;;;;;;;;;;;;;;
717;25/04/2015;13;16;20;46;50;56;74;JUVENTUDE/RS;;;;;;;;;;;;;;;;;
718;28/04/2015;10;14;17;35;59;67;71;SERGIPE/SE;;;;;;;;;;;;;;;;;
719;30/04/2015;3;18;30;41;46;47;70;VILLA NOVA/MG;;;;;;;;;;;;;;;;;
720;02/05/2015;21;22;44;57;63;67;73;VIT‡RIA/BA;;;;;;;;;;;;;;;;;
721;05/05/2015;6;8;22;32;36;53;68;BANGU/RJ;;;;;;;;;;;;;;;;;
722;07/05/2015;9;10;16;33;34;71;72;JI-PARANµ / RO;;;;;;;;;;;;;;;;;
723;09/05/2015;6;10;20;31;32;57;79;GUARANI/SP;;;;;;;;;;;;;;;;;
724;12/05/2015;22;31;39;50;53;55;73;SPORT/PE;;;;;;;;;;;;;;;;;
725;14/05/2015;16;23;30;31;35;62;74;NµUTICO/PE;;;;;;;;;;;;;;;;;
726;16/05/2015;3;9;10;66;68;70;77;SANTA CRUZ/PE;;;;;;;;;;;;;;;;;
727;19/05/2015;2;12;34;51;60;70;80;JOINVILLE/SC;;;;;;;;;;;;;;;;;
728;21/05/2015;20;39;47;50;53;60;61;VILLA NOVA/MG;;;;;;;;;;;;;;;;;
729;23/05/2015;2;20;29;43;45;62;78;GOIµS/GO;;;;;;;;;;;;;;;;;
730;26/05/2015;10;16;19;42;54;69;74;U BARBARENSE;;;;;;;;;;;;;;;;;
731;28/05/2015;7;21;39;40;63;69;74;CRB/AL;;;;;;;;;;;;;;;;;
732;30/05/2015;7;54;59;64;65;71;78;YPIRANGA/AP;;;;;;;;;;;;;;;;;
733;02/06/2015;11;13;36;43;56;59;77;PARANµ/PR;;;;;;;;;;;;;;;;;
734;06/06/2015;4;12;16;51;64;70;73;ATLêTICO/MG;;;;;;;;;;;;;;;;;
735;09/06/2015;4;24;37;64;69;73;74;TUNA LUSO/PA;;;;;;;;;;;;;;;;;
736;11/06/2015;27;36;41;54;58;72;73;TREZE/PB;;;;;;;;;;;;;;;;;
737;13/06/2015;3;7;10;28;60;62;78;FLAMENGO/RJ;;;;;;;;;;;;;;;;;
738;16/06/2015;8;48;56;57;61;67;76;AMêRICA/RN;;;;;;;;;;;;;;;;;
739;18/06/2015;9;15;17;19;40;45;50;OPERARIO/MS;;;;;;;;;;;;;;;;;
740;20/06/2015;5;34;37;44;61;73;80;BRASILIENSE/DF;;;;;;;;;;;;;;;;;
741;23/06/2015;30;36;44;49;54;63;73;BOTAFOGO/PB;;;;;;;;;;;;;;;;;
742;25/06/2015;11;15;32;37;61;63;74;PAULISTA/SP;;;;;;;;;;;;;;;;;
743;27/06/2015;2;9;11;33;35;61;69;AVA÷/SC;;;;;;;;;;;;;;;;;
744;30/06/2015;4;17;30;36;48;56;61;JUVENTUDE/RS;;;;;;;;;;;;;;;;;
745;02/07/2015;3;23;43;51;53;64;70;AMêRICA/RN;;;;;;;;;;;;;;;;;
746;04/07/2015;19;30;34;40;48;58;76;INTERNACIONAL/RS;;;;;;;;;;;;;;;;;
747;07/07/2015;15;38;44;45;48;60;65;OPERARIO/MS;;;;;;;;;;;;;;;;;
748;09/07/2015;3;6;12;52;66;74;75;SANTA CRUZ/PE;;;;;;;;;;;;;;;;;
749;11/07/2015;2;9;37;40;58;60;73;AVA÷/SC;;;;;;;;;;;;;;;;;
750;14/07/2015;8;26;31;33;50;67;79;RIVER/PI;;;;;;;;;;;;;;;;;
751;16/07/2015;7;10;12;23;44;67;70;OLARIA/RJ;;;;;;;;;;;;;;;;;
752;18/07/2015;6;12;26;42;58;66;68;INTERNACIONAL/RS;;;;;;;;;;;;;;;;;
753;21/07/2015;2;40;46;48;53;64;75;DESPORTIVA/ES;;;;;;;;;;;;;;;;;
754;23/07/2015;5;8;19;30;37;41;75;BAHIA/BA;;;;;;;;;;;;;;;;;
755;25/07/2015;1;21;52;64;66;69;71;NµUTICO/PE;;;;;;;;;;;;;;;;;
756;28/07/2015;6;18;45;47;61;64;66;SERGIPE/SE;;;;;;;;;;;;;;;;;
757;30/07/2015;14;43;54;56;59;71;76;ATLêTICO/GO;;;;;;;;;;;;;;;;;
758;01/08/2015;16;19;24;31;46;60;72;AMêRICA/RN;;;;;;;;;;;;;;;;;
759;04/08/2015;3;6;27;31;50;64;74;UNI«O S«O JO«O/SP;;;;;;;;;;;;;;;;;
760;06/08/2015;6;7;12;33;40;66;75;ATLêTICO/MG;;;;;;;;;;;;;;;;;
761;08/08/2015;8;10;21;30;50;57;61;YPIRANGA/AP;;;;;;;;;;;;;;;;;
762;11/08/2015;5;17;36;42;61;69;77;PALMEIRAS/SP;;;;;;;;;;;;;;;;;
763;13/08/2015;5;8;11;35;39;60;78;S«O RAIMUNDO/AM;;;;;;;;;;;;;;;;;
764;15/08/2015;6;13;16;28;37;62;75;S«O PAULO/SP;;;;;;;;;;;;;;;;;
765;18/08/2015;31;44;51;57;59;66;74;ATLêTICO/MG;;;;;;;;;;;;;;;;;
766;20/08/2015;16;27;44;46;49;55;67;UBERL∂NDIA/MG;;;;;;;;;;;;;;;;;
767;22/08/2015;21;27;39;47;59;61;80;VILA NOVA/GO;;;;;;;;;;;;;;;;;
768;25/08/2015;1;5;13;27;61;70;80;TUNA LUSO/PA;;;;;;;;;;;;;;;;;
769;27/08/2015;4;20;29;56;59;63;74;IPATINGA/MG;;;;;;;;;;;;;;;;;
770;29/08/2015;6;17;24;33;67;72;73;JUVENTUS/SP;;;;;;;;;;;;;;;;;
771;01/09/2015;37;39;48;51;58;65;77;SANTO ANDRê/SP;;;;;;;;;;;;;;;;;
772;03/09/2015;8;42;46;63;72;77;78;VILA NOVA/GO;;;;;;;;;;;;;;;;;
773;05/09/2015;15;37;49;68;70;74;78;ABC/RN;;;;;;;;;;;;;;;;;
774;08/09/2015;15;18;39;42;45;61;62;MAR÷LIA/SP;;;;;;;;;;;;;;;;;
775;10/09/2015;6;21;31;33;48;64;78;U BARBARENSE;;;;;;;;;;;;;;;;;
776;12/09/2015;18;21;27;44;68;74;78;ATLêTICO/MG;;;;;;;;;;;;;;;;;
777;15/09/2015;3;14;36;44;46;55;67;FIGUEIRENSE/SC;;;;;;;;;;;;;;;;;
778;17/09/2015;3;8;23;41;58;68;69;FLAMENGO/RJ;;;;;;;;;;;;;;;;;
779;19/09/2015;6;22;25;33;42;68;78;AMêRICA/MG;;;;;;;;;;;;;;;;;
780;22/09/2015;9;25;40;44;54;67;73;CEARµ/CE;;;;;;;;;;;;;;;;;
781;24/09/2015;1;27;39;42;49;75;76;ATLêTICO/GO;;;;;;;;;;;;;;;;;
782;26/09/2015;10;13;22;35;39;56;60;NµUTICO/PE;;;;;;;;;;;;;;;;;
783;29/09/2015;32;34;37;46;56;60;63;UNI«O S«O JO«O/SP;;;;;;;;;;;;;;;;;
784;01/10/2015;3;8;10;22;36;41;61;INTERNACIONAL/RS;;;;;;;;;;;;;;;;;
785;03/10/2015;5;6;18;27;51;52;79;AVA÷/SC;;;;;;;;;;;;;;;;;
786;06/10/2015;19;20;23;31;58;74;79;CRUZEIRO/MG;;;;;;;;;;;;;;;;;
787;08/10/2015;14;24;26;29;38;53;80;CRICIÈMA/SC;;;;;;;;;;;;;;;;;
788;10/10/2015;1;7;14;31;40;50;51;PALMEIRAS/SP;;;;;;;;;;;;;;;;;
789;13/10/2015;12;13;21;37;45;53;76;TREZE/PB;;;;;;;;;;;;;;;;;
790;15/10/2015;2;4;8;12;27;31;50;TUNA LUSO/PA;;;;;;;;;;;;;;;;;
791;17/10/2015;3;10;36;44;58;59;64;CORINTHIANS/SP;;;;;;;;;;;;;;;;;
792;20/10/2015;2;9;14;33;37;67;78;ATLêTICO/GO;;;;;;;;;;;;;;;;;
793;22/10/2015;12;25;27;36;62;69;80;OLARIA/RJ;;;;;;;;;;;;;;;;;
794;24/10/2015;7;25;31;42;65;71;76;SAMPAIO CORR“A/MA;;;;;;;;;;;;;;;;;
795;27/10/2015;13;16;17;22;31;52;56;CRB/AL;;;;;;;;;;;;;;;;;
796;29/10/2015;6;23;25;53;61;64;75;VILA NOVA/GO;;;;;;;;;;;;;;;;;
797;31/10/2015;6;34;58;61;63;69;71;BOTAFOGO/RJ;;;;;;;;;;;;;;;;;
798;03/11/2015;3;9;17;69;72;78;79;MOTO CLUBE/MA;;;;;;;;;;;;;;;;;
799;05/11/2015;1;24;60;63;65;76;77;XV PIRACICABA/SP;;;;;;;;;;;;;;;;;
800;07/11/2015;6;18;24;27;45;51;64;MOTO CLUBE/MA;;;;;;;;;;;;;;;;;
801;10/11/2015;7;39;58;61;62;76;77;RIO BRANCO/ES;;;;;;;;;;;;;;;;;
802;13/11/2015;7;14;20;28;32;34;47;RORAIMA/RR;;;;;;;;;;;;;;;;;
803;14/11/2015;3;13;18;25;52;62;77;GAMA/DF;;;;;;;;;;;;;;;;;
804;17/11/2015;1;6;11;14;22;38;49;ATHLêTICO/PR;;;;;;;;;;;;;;;;;
805;19/11/2015;13;21;31;39;51;57;62;VIT‡RIA/BA;;;;;;;;;;;;;;;;;
806;21/11/2015;17;20;56;59;67;74;79;JOINVILLE/SC;;;;;;;;;;;;;;;;;
807;24/11/2015;12;19;20;21;30;60;67;MAR÷LIA/SP;;;;;;;;;;;;;;;;;
808;26/11/2015;9;12;37;45;65;68;73;CORITIBA/PR;;;;;;;;;;;;;;;;;
809;28/11/2015;7;8;17;20;37;61;69;S«O CAETANO/SP;;;;;;;;;;;;;;;;;
810;01/12/2015;8;28;47;66;71;74;80;OLARIA/RJ;;;;;;;;;;;;;;;;;
811;03/12/2015;3;18;23;27;59;62;80;SANTOS/SP;;;;;;;;;;;;;;;;;
812;05/12/2015;18;43;44;47;50;58;65;IPATINGA/MG;;;;;;;;;;;;;;;;;
813;08/12/2015;2;24;36;52;54;74;79;FLUMINENSE/RJ;;;;;;;;;;;;;;;;;
814;10/12/2015;8;28;49;51;58;75;76;RIO BRANCO/AC;;;;;;;;;;;;;;;;;
815;12/12/2015;1;3;8;13;26;35;57;FLAMENGO/RJ;;;;;;;;;;;;;;;;;
816;15/12/2015;37;38;44;49;58;68;79;VIT‡RIA/BA;;;;;;;;;;;;;;;;;
817;17/12/2015;2;25;56;62;63;67;69;SAMPAIO CORR“A/MA;;;;;;;;;;;;;;;;;
818;19/12/2015;2;15;23;26;40;61;67;SPORT/PE;;;;;;;;;;;;;;;;;
819;22/12/2015;20;34;48;60;65;72;80;JI-PARANµ / RO;;;;;;;;;;;;;;;;;
820;24/12/2015;19;32;57;62;67;73;78;UNI«O S«O JO«O/SP;;;;;;;;;;;;;;;;;
821;26/12/2015;4;17;46;67;68;70;72;VIT‡RIA/BA;;;;;;;;;;;;;;;;;
822;29/12/2015;11;12;13;31;32;63;80;JI-PARANµ / RO;;;;;;;;;;;;;;;;;
823;31/12/2015;6;20;31;47;58;64;79;ATHLêTICO/PR;;;;;;;;;;;;;;;;;
824;05/01/2016;22;23;25;28;29;31;53;SANTO ANDRE/SP;;;;;;;;;;;;;;;;;
825;07/01/2016;6;10;20;33;36;63;67;RIO BRANCO/AC;;;;;;;;;;;;;;;;;
826;09/01/2016;6;10;11;12;37;52;54;JUVENTUS/SP;;;;;;;;;;;;;;;;;
827;12/01/2016;2;14;21;37;55;57;61;VILLA NOVA/MG;;;;;;;;;;;;;;;;;
828;14/01/2016;24;25;28;37;53;70;78;FIGUEIRENSE/SC;;;;;;;;;;;;;;;;;
829;16/01/2016;1;19;41;47;56;65;72;PALMAS/TO;;;;;;;;;;;;;;;;;
830;19/01/2016;1;19;25;29;43;63;76;NµUTICO/PE;;;;;;;;;;;;;;;;;
831;21/01/2016;3;11;25;38;39;50;71;S«O PAULO/SP;;;;;;;;;;;;;;;;;
832;23/01/2016;19;29;30;37;39;49;77;UNI«O S«O JO«O/SP;;;;;;;;;;;;;;;;;
833;26/01/2016;14;18;28;54;55;61;72;P.  DESPORTOS/SP;;;;;;;;;;;;;;;;;
834;28/01/2016;7;10;18;23;29;68;79;LONDRINA/PR;;;;;;;;;;;;;;;;;
835;30/01/2016;10;14;23;25;41;67;74;CORITIBA/PR;;;;;;;;;;;;;;;;;
836;02/02/2016;4;13;28;50;54;57;64;S«O RAIMUNDO/AM;;;;;;;;;;;;;;;;;
837;04/02/2016;4;34;35;46;52;66;73;CORITIBA/PR;;;;;;;;;;;;;;;;;
838;06/02/2016;15;32;34;35;37;46;64;RIVER/PI;;;;;;;;;;;;;;;;;
839;11/02/2016;21;22;23;31;36;65;67;S«O RAIMUNDO/AM;;;;;;;;;;;;;;;;;
840;13/02/2016;1;23;38;50;58;70;77;SAMPAIO CORR“A/MA;;;;;;;;;;;;;;;;;
841;16/02/2016;12;19;43;49;57;60;72;MIXTO/MT;;;;;;;;;;;;;;;;;
842;18/02/2016;3;11;13;35;50;71;74;INTERNACIONAL/RS;;;;;;;;;;;;;;;;;
843;20/02/2016;3;4;6;36;39;52;80;BOTAFOGO/RJ;;;;;;;;;;;;;;;;;
844;23/02/2016;18;21;41;52;60;66;77;FLUMINENSE/RJ;;;;;;;;;;;;;;;;;
845;25/02/2016;14;22;26;42;49;69;78;LONDRINA/PR;;;;;;;;;;;;;;;;;
846;27/02/2016;11;12;13;21;32;53;74;JOINVILLE/SC;;;;;;;;;;;;;;;;;
847;01/03/2016;27;33;46;70;77;78;79;JI-PARANµ / RO;;;;;;;;;;;;;;;;;
848;03/03/2016;15;27;28;34;54;69;71;UBERL∂NDIA/MG;;;;;;;;;;;;;;;;;
849;05/03/2016;1;27;29;33;34;49;65;BRASILIENSE/DF;;;;;;;;;;;;;;;;;
850;08/03/2016;25;38;44;60;63;65;68;VILA NOVA/GO;;;;;;;;;;;;;;;;;
851;10/03/2016;8;9;12;46;60;63;68;BRASILIENSE/DF;;;;;;;;;;;;;;;;;
852;12/03/2016;5;12;25;29;43;51;77;RIO BRANCO/AC;;;;;;;;;;;;;;;;;
853;15/03/2016;8;14;18;34;45;51;79;VIT‡RIA/BA;;;;;;;;;;;;;;;;;
854;17/03/2016;2;24;61;63;66;69;75;MOTO CLUBE/MA;;;;;;;;;;;;;;;;;
855;19/03/2016;1;7;33;43;56;73;78;BOTAFOGO/PB;;;;;;;;;;;;;;;;;
856;22/03/2016;10;24;29;30;55;67;68;IPATINGA/MG;;;;;;;;;;;;;;;;;
857;24/03/2016;9;12;21;27;50;57;58;JUVENTUS/SP;;;;;;;;;;;;;;;;;
858;26/03/2016;15;32;36;44;64;73;79;VIT‡RIA/BA;;;;;;;;;;;;;;;;;
859;29/03/2016;13;25;27;53;70;77;79;RIO BRANCO/ES;;;;;;;;;;;;;;;;;
860;31/03/2016;1;5;23;27;52;59;61;FLUMINENSE/RJ;;;;;;;;;;;;;;;;;
861;02/04/2016;17;25;33;38;40;73;77;RIVER/PI;;;;;;;;;;;;;;;;;
862;05/04/2016;3;10;17;25;38;43;58;NACIONAL/AM;;;;;;;;;;;;;;;;;
863;07/04/2016;25;28;34;54;61;66;79;TREZE/PB;;;;;;;;;;;;;;;;;
864;09/04/2016;2;5;30;35;40;55;61;GOIµS/GO;;;;;;;;;;;;;;;;;
865;12/04/2016;13;14;24;29;54;63;65;BOTAFOGO/PB;;;;;;;;;;;;;;;;;
866;14/04/2016;11;12;14;20;23;48;61;REMO/PA;;;;;;;;;;;;;;;;;
867;16/04/2016;3;5;17;32;46;59;75;FLUMINENSE/RJ;;;;;;;;;;;;;;;;;
868;19/04/2016;1;2;5;26;34;65;74;TREZE/PB;;;;;;;;;;;;;;;;;
869;23/04/2016;5;7;14;28;30;47;74;CORINTHIANS/SP;;;;;;;;;;;;;;;;;
870;26/04/2016;3;8;21;34;41;55;67;PONTE PRETA/SP;;;;;;;;;;;;;;;;;
871;28/04/2016;8;13;28;31;36;75;80;CRB/AL;;;;;;;;;;;;;;;;;
872;30/04/2016;1;28;36;38;41;53;77;REMO/PA;;;;;;;;;;;;;;;;;
873;03/05/2016;2;3;8;14;21;44;58;TUNA LUSO/PA;;;;;;;;;;;;;;;;;
874;05/05/2016;16;24;32;41;43;59;60;PAULISTA/SP;;;;;;;;;;;;;;;;;
875;07/05/2016;10;11;21;34;38;66;78;VASCO DA GAMA/RJ;;;;;;;;;;;;;;;;;
876;10/05/2016;3;36;37;56;59;69;72;GOIµS/GO;;;;;;;;;;;;;;;;;
877;12/05/2016;12;44;54;59;69;72;79;MIXTO/MT;;;;;;;;;;;;;;;;;
878;14/05/2016;16;19;44;52;59;69;80;ABC/RN;;;;;;;;;;;;;;;;;
879;17/05/2016;13;25;29;41;45;47;51;CSA/AL;;;;;;;;;;;;;;;;;
880;19/05/2016;6;31;50;51;58;68;80;JOINVILLE/SC;;;;;;;;;;;;;;;;;
881;21/05/2016;15;20;31;36;61;65;72;FLAMENGO/RJ;;;;;;;;;;;;;;;;;
882;24/05/2016;8;17;26;42;58;72;80;U BARBARENSE;;;;;;;;;;;;;;;;;
883;28/05/2016;26;32;51;52;60;68;69;RIO BRANCO/ES;;;;;;;;;;;;;;;;;
884;31/05/2016;28;32;35;71;72;73;74;UNI«O S«O JO«O/SP;;;;;;;;;;;;;;;;;
885;02/06/2016;40;46;58;64;68;73;75;VILLA NOVA/MG;;;;;;;;;;;;;;;;;
886;04/06/2016;2;20;42;56;59;65;70;AVA÷/SC;;;;;;;;;;;;;;;;;
887;07/06/2016;1;3;11;14;16;30;39;SERGIPE/SE;;;;;;;;;;;;;;;;;
888;09/06/2016;14;17;43;45;47;52;67;AMêRICA/RJ;;;;;;;;;;;;;;;;;
889;11/06/2016;14;15;16;40;51;77;78;LONDRINA/PR;;;;;;;;;;;;;;;;;
890;14/06/2016;26;30;46;47;60;71;77;AMêRICA/RN;;;;;;;;;;;;;;;;;
891;16/06/2016;12;32;33;68;70;73;76;U BARBARENSE;;;;;;;;;;;;;;;;;
892;18/06/2016;4;7;9;14;22;38;60;FORTALEZA/CE;;;;;;;;;;;;;;;;;
893;21/06/2016;2;42;43;45;51;75;77;IPATINGA/MG;;;;;;;;;;;;;;;;;
894;23/06/2016;3;10;20;23;24;73;79;BOTAFOGO/RJ;;;;;;;;;;;;;;;;;
895;25/06/2016;5;23;44;51;62;64;79;XV PIRACICABA/SP;;;;;;;;;;;;;;;;;
896;28/06/2016;10;33;35;57;62;69;79;YPIRANGA/AP;;;;;;;;;;;;;;;;;
897;30/06/2016;21;29;34;37;55;59;67;RIO BRANCO/ES;;;;;;;;;;;;;;;;;
898;02/07/2016;13;21;22;31;33;49;79;CRUZEIRO/MG;;;;;;;;;;;;;;;;;
899;05/07/2016;2;3;15;28;55;63;67;GUARANI/SP;;;;;;;;;;;;;;;;;
900;07/07/2016;2;14;23;33;52;55;65;YPIRANGA/AP;;;;;;;;;;;;;;;;;
901;09/07/2016;7;15;33;38;72;77;80;REMO/PA;;;;;;;;;;;;;;;;;
902;12/07/2016;9;17;21;25;30;46;58;S«O CAETANO/SP;;;;;;;;;;;;;;;;;
903;14/07/2016;6;25;26;28;36;45;66;CSA/AL;;;;;;;;;;;;;;;;;
904;16/07/2016;9;21;22;45;56;61;71;PONTE PRETA/SP;;;;;;;;;;;;;;;;;
905;19/07/2016;2;21;34;50;61;63;79;INTERNACIONAL/RS;;;;;;;;;;;;;;;;;
906;21/07/2016;19;30;32;44;61;64;67;AMêRICA/MG;;;;;;;;;;;;;;;;;
907;23/07/2016;17;22;25;34;42;65;79;S«O PAULO/SP;;;;;;;;;;;;;;;;;
908;26/07/2016;13;35;45;56;72;73;77;CRB/AL;;;;;;;;;;;;;;;;;
909;28/07/2016;1;5;25;28;44;54;80;JUVENTUS/SP;;;;;;;;;;;;;;;;;
910;30/07/2016;15;28;42;50;52;57;66;ATLêTICO/MG;;;;;;;;;;;;;;;;;
911;02/08/2016;6;12;19;58;64;69;73;ATLêTICO/GO;;;;;;;;;;;;;;;;;
912;04/08/2016;4;11;29;39;60;74;77;INTER LIMEIRA/SP;;;;;;;;;;;;;;;;;
913;06/08/2016;15;22;24;56;59;62;70;FORTALEZA/CE;;;;;;;;;;;;;;;;;
914;09/08/2016;6;7;41;50;51;55;65;ATLêTICO/MG;;;;;;;;;;;;;;;;;
915;11/08/2016;14;22;25;30;67;68;73;IPATINGA/MG;;;;;;;;;;;;;;;;;
916;13/08/2016;3;21;66;69;73;75;78;TREZE/PB;;;;;;;;;;;;;;;;;
917;16/08/2016;20;28;37;46;55;70;75;NACIONAL/AM;;;;;;;;;;;;;;;;;
918;18/08/2016;22;39;49;52;58;67;75;GR“MIO/RS;;;;;;;;;;;;;;;;;
919;20/08/2016;5;12;30;56;57;63;80;UNI«O S«O JO«O/SP;;;;;;;;;;;;;;;;;
920;23/08/2016;5;15;19;34;37;47;51;BOTAFOGO/PB;;;;;;;;;;;;;;;;;
921;25/08/2016;7;30;54;66;68;69;71;BANGU/RJ;;;;;;;;;;;;;;;;;
922;27/08/2016;2;3;18;27;51;68;74;BARUERI/SP;;;;;;;;;;;;;;;;;
923;30/08/2016;10;25;31;45;50;70;72;AMêRICA/RJ;;;;;;;;;;;;;;;;;
924;01/09/2016;6;12;19;38;49;63;75;CRICIÈMA/SC;;;;;;;;;;;;;;;;;
925;03/09/2016;2;13;16;34;55;77;78;VASCO DA GAMA/RJ;;;;;;;;;;;;;;;;;
926;06/09/2016;2;29;44;46;62;72;73;FORTALEZA/CE;;;;;;;;;;;;;;;;;
927;08/09/2016;28;67;69;71;76;79;80;FLUMINENSE/RJ;;;;;;;;;;;;;;;;;
928;10/09/2016;1;6;45;49;50;63;72;AVA÷/SC;;;;;;;;;;;;;;;;;
929;13/09/2016;11;15;19;24;26;55;60;CRUZEIRO/MG;;;;;;;;;;;;;;;;;
930;15/09/2016;14;20;23;29;41;57;67;FORTALEZA/CE;;;;;;;;;;;;;;;;;
931;17/09/2016;15;17;28;43;56;68;69;OLARIA/RJ;;;;;;;;;;;;;;;;;
932;20/09/2016;5;9;24;35;51;56;69;INTER LIMEIRA/SP;;;;;;;;;;;;;;;;;
933;22/09/2016;6;13;30;43;57;70;79;BANGU/RJ;;;;;;;;;;;;;;;;;
934;24/09/2016;2;22;34;49;54;62;63;UBERL∂NDIA/MG;;;;;;;;;;;;;;;;;
935;27/09/2016;7;11;12;39;40;52;77;SANTO ANDRê/SP;;;;;;;;;;;;;;;;;
936;29/09/2016;12;20;30;56;69;76;78;S«O PAULO/SP;;;;;;;;;;;;;;;;;
937;01/10/2016;6;16;27;28;29;30;44;JI-PARANµ / RO;;;;;;;;;;;;;;;;;
938;04/10/2016;2;11;12;28;50;60;78;BANGU/RJ;;;;;;;;;;;;;;;;;
939;06/10/2016;3;6;7;8;18;36;56;BRASILIENSE/DF;;;;;;;;;;;;;;;;;
940;08/10/2016;26;30;42;49;51;63;77;ATLêTICO/GO;;;;;;;;;;;;;;;;;
941;11/10/2016;7;12;15;28;40;69;75;BARUERI/SP;;;;;;;;;;;;;;;;;
942;13/10/2016;6;8;23;47;51;57;63;JI-PARANµ / RO;;;;;;;;;;;;;;;;;
943;15/10/2016;4;27;38;52;53;69;72;S«O CAETANO/SP;;;;;;;;;;;;;;;;;
944;18/10/2016;4;14;21;27;35;47;80;XV PIRACICABA/SP;;;;;;;;;;;;;;;;;
945;20/10/2016;18;19;23;47;48;68;69;NACIONAL/AM;;;;;;;;;;;;;;;;;
946;22/10/2016;5;12;33;37;64;66;69;PAULISTA/SP;;;;;;;;;;;;;;;;;
947;25/10/2016;19;26;35;45;48;55;64;AMêRICA/RN;;;;;;;;;;;;;;;;;
948;27/10/2016;3;12;19;21;36;48;76;CORITIBA/PR;;;;;;;;;;;;;;;;;
949;29/10/2016;9;15;17;43;69;72;78;PORT DESPORT;;;;;;;;;;;;;;;;;
950;01/11/2016;4;16;23;27;36;41;53;MOTO CLUBE/MA;;;;;;;;;;;;;;;;;
951;03/11/2016;1;12;29;47;53;62;76;AMêRICA/RJ;;;;;;;;;;;;;;;;;
952;05/11/2016;20;23;32;47;50;62;63;TUNA LUSO/PA;;;;;;;;;;;;;;;;;
953;08/11/2016;1;10;16;48;65;73;74;UBERL∂NDIA/MG;;;;;;;;;;;;;;;;;
954;10/11/2016;7;31;35;46;56;60;70;UNI«O S«O JO«O/SP;;;;;;;;;;;;;;;;;
955;12/11/2016;17;35;41;42;61;68;75;PAYSANDU/PA;;;;;;;;;;;;;;;;;
956;17/11/2016;3;6;7;21;29;39;59;DESPORTIVA/ES;;;;;;;;;;;;;;;;;
957;19/11/2016;8;13;18;42;56;62;66;ATHLêTICO/PR;;;;;;;;;;;;;;;;;
958;22/11/2016;24;37;48;63;71;73;74;INTER LIMEIRA/SP;;;;;;;;;;;;;;;;;
959;24/11/2016;5;8;21;28;30;38;55;BRAGANTINO/SP;;;;;;;;;;;;;;;;;
960;26/11/2016;15;33;35;54;67;72;80;BOTAFOGO/RJ;;;;;;;;;;;;;;;;;
961;29/11/2016;9;10;31;42;48;49;66;JI-PARANµ / RO;;;;;;;;;;;;;;;;;
962;01/12/2016;7;28;41;49;63;79;80;AMêRICA/RN;;;;;;;;;;;;;;;;;
963;03/12/2016;12;21;33;37;65;67;80;SERGIPE/SE;;;;;;;;;;;;;;;;;
964;06/12/2016;12;26;28;47;57;64;75;PALMAS/TO;;;;;;;;;;;;;;;;;
965;08/12/2016;7;49;51;61;64;65;76;PALMAS/TO;;;;;;;;;;;;;;;;;
966;10/12/2016;2;9;14;30;46;68;75;CRB/AL;;;;;;;;;;;;;;;;;
967;13/12/2016;4;11;17;36;45;58;77;SPORT/PE;;;;;;;;;;;;;;;;;
968;15/12/2016;16;46;48;54;62;64;67;MIXTO/MT;;;;;;;;;;;;;;;;;
969;17/12/2016;13;20;32;40;52;62;70;JI-PARANµ / RO;;;;;;;;;;;;;;;;;
970;20/12/2016;4;5;27;38;41;49;55;CRUZEIRO/MG;;;;;;;;;;;;;;;;;
971;22/12/2016;33;44;51;65;68;72;79;CRB/AL;;;;;;;;;;;;;;;;;
972;24/12/2016;4;17;35;36;43;44;75;REMO/PA;;;;;;;;;;;;;;;;;
973;27/12/2016;5;9;11;27;28;44;50;REMO/PA;;;;;;;;;;;;;;;;;
974;29/12/2016;13;20;35;44;50;56;75;FLAMENGO/RJ;;;;;;;;;;;;;;;;;
975;31/12/2016;1;13;14;18;22;41;53;BRASILIENSE/DF;;;;;;;;;;;;;;;;;
976;03/01/2017;3;39;41;42;48;71;76;ATHLêTICO/PR;;;;;;;;;;;;;;;;;
977;05/01/2017;5;52;57;59;65;71;75;RIVER/PI;;;;;;;;;;;;;;;;;
978;07/01/2017;1;21;28;53;56;60;64;INTERNACIONAL/RS;;;;;;;;;;;;;;;;;
979;10/01/2017;10;33;36;59;61;76;78;BAHIA/BA;;;;;;;;;;;;;;;;;
980;12/01/2017;3;19;24;48;64;67;70;PALMAS/TO;;;;;;;;;;;;;;;;;
981;14/01/2017;5;15;16;23;39;49;54;BARUERI/SP;;;;;;;;;;;;;;;;;
982;17/01/2017;6;20;21;29;42;57;60;JUVENTUS/SP;;;;;;;;;;;;;;;;;
983;19/01/2017;5;38;48;59;71;74;75;BARUERI/SP;;;;;;;;;;;;;;;;;
984;21/01/2017;3;4;11;18;19;40;62;BOTAFOGO/RJ;;;;;;;;;;;;;;;;;
985;24/01/2017;1;10;11;13;36;49;66;RIO BRANCO/AC;;;;;;;;;;;;;;;;;
986;26/01/2017;1;5;8;28;30;38;49;AMêRICA/RJ;;;;;;;;;;;;;;;;;
987;28/01/2017;16;19;26;37;40;69;73;BAHIA/BA;;;;;;;;;;;;;;;;;
988;31/01/2017;1;26;34;56;59;65;70;DESPORTIVA/ES;;;;;;;;;;;;;;;;;
989;02/02/2017;8;12;46;51;53;63;72;SANTOS/SP;;;;;;;;;;;;;;;;;
990;04/02/2017;5;10;19;30;40;42;63;TUNA LUSO/PA;;;;;;;;;;;;;;;;;
991;07/02/2017;4;7;34;66;71;73;75;U BARBARENSE;;;;;;;;;;;;;;;;;
992;09/02/2017;22;30;38;47;57;70;78;PARANµ/PR;;;;;;;;;;;;;;;;;
993;11/02/2017;7;40;49;52;54;74;75;RIO BRANCO/AC;;;;;;;;;;;;;;;;;
994;14/02/2017;5;14;20;65;66;69;80;BRAGANTINO/SP;;;;;;;;;;;;;;;;;
995;16/02/2017;2;27;29;39;47;71;80;SANTO ANDRE/SP;;;;;;;;;;;;;;;;;
996;18/02/2017;2;7;10;38;41;50;78;RIO BRANCO/ES;;;;;;;;;;;;;;;;;
997;21/02/2017;20;27;29;42;56;61;70;MAR÷LIA/SP;;;;;;;;;;;;;;;;;
998;23/02/2017;18;26;31;54;55;76;80;RIVER/PI;;;;;;;;;;;;;;;;;
999;25/02/2017;2;50;56;67;71;74;80;FLAMENGO/RJ;;;;;;;;;;;;;;;;;
1000;02/03/2017;11;22;32;41;43;47;80;FLUMINENSE/RJ;;;;;;;;;;;;;;;;;
1001;04/03/2017;19;24;39;62;71;72;74;PALMEIRAS/SP;;;;;;;;;;;;;;;;;
1002;07/03/2017;11;28;34;39;44;49;50;INTER LIMEIRA/SP;;;;;;;;;;;;;;;;;
1003;09/03/2017;11;29;39;61;65;67;73;BOTAFOGO/PB;;;;;;;;;;;;;;;;;
1004;11/03/2017;1;14;22;31;38;51;67;RIO BRANCO/ES;;;;;;;;;;;;;;;;;
1005;14/03/2017;32;37;38;43;52;71;74;BOTAFOGO/RJ;;;;;;;;;;;;;;;;;
1006;16/03/2017;13;20;22;33;44;72;79;JOINVILLE/SC;;;;;;;;;;;;;;;;;
1007;18/03/2017;3;35;38;49;65;71;75;CORITIBA/PR;;;;;;;;;;;;;;;;;
1008;21/03/2017;7;19;24;42;45;59;65;S«O RAIMUNDO/AM;;;;;;;;;;;;;;;;;
1009;23/03/2017;38;51;66;68;69;74;80;JUVENTUDE/RS;;;;;;;;;;;;;;;;;
1010;25/03/2017;10;23;26;40;52;53;71;P.  DESPORTOS/SP;;;;;;;;;;;;;;;;;
1011;28/03/2017;15;25;30;40;50;57;79;GOIµS/GO;;;;;;;;;;;;;;;;;
1012;30/03/2017;1;2;18;27;62;78;79;SANTO ANDRE/SP;;;;;;;;;;;;;;;;;
1013;01/04/2017;2;17;28;31;32;63;68;MOTO CLUBE/MA;;;;;;;;;;;;;;;;;
1014;04/04/2017;18;31;37;47;50;70;71;ATLêTICO/MG;;;;;;;;;;;;;;;;;
1015;06/04/2017;3;5;16;28;41;60;75;AMERICANO/RJ;;;;;;;;;;;;;;;;;
1016;08/04/2017;5;13;38;44;46;63;74;YPIRANGA/AP;;;;;;;;;;;;;;;;;
1017;11/04/2017;8;15;19;47;67;71;73;LONDRINA/PR;;;;;;;;;;;;;;;;;
1018;13/04/2017;4;9;24;29;37;45;61;ATLêTICO/GO;;;;;;;;;;;;;;;;;
1019;15/04/2017;2;3;13;18;24;28;44;S«O  CAETANO/SP;;;;;;;;;;;;;;;;;
1020;18/04/2017;6;27;39;53;58;72;75;BARUERI/SP;;;;;;;;;;;;;;;;;
1021;20/04/2017;14;20;35;40;56;58;65;TUNA LUSO/PA;;;;;;;;;;;;;;;;;
1022;22/04/2017;4;20;37;43;48;52;68;IPATINGA/MG;;;;;;;;;;;;;;;;;
1023;25/04/2017;26;34;42;53;66;77;79;JUVENTUDE/RS;;;;;;;;;;;;;;;;;
1024;27/04/2017;4;14;29;38;50;64;70;JUVENTUDE/RS;;;;;;;;;;;;;;;;;
1025;29/04/2017;1;18;29;34;52;53;55;OPERARIO/MS;;;;;;;;;;;;;;;;;
1026;02/05/2017;17;51;53;68;74;77;78;ITUANO/SP;;;;;;;;;;;;;;;;;
1027;04/05/2017;11;15;51;61;62;72;77;CEARµ/CE;;;;;;;;;;;;;;;;;
1028;06/05/2017;1;5;17;20;42;43;72;VASCO DA GAMA/RJ;;;;;;;;;;;;;;;;;
1029;09/05/2017;2;20;24;26;41;66;67;GAMA/DF;;;;;;;;;;;;;;;;;
1030;11/05/2017;8;26;35;38;46;52;69;BOTAFOGO/PB;;;;;;;;;;;;;;;;;
1031;13/05/2017;3;12;20;23;34;49;62;U BARBARENSE;;;;;;;;;;;;;;;;;
1032;16/05/2017;14;17;49;62;74;77;79;INTERNACIONAL/RS;;;;;;;;;;;;;;;;;
1033;18/05/2017;26;27;28;46;64;70;73;TREZE/PB;;;;;;;;;;;;;;;;;
1034;20/05/2017;9;35;40;45;46;68;74;CRUZEIRO/MG;;;;;;;;;;;;;;;;;
1035;23/05/2017;18;29;37;49;58;78;80;TUNA LUSO/PA;;;;;;;;;;;;;;;;;
1036;25/05/2017;4;5;25;49;50;60;79;RIO BRANCO/AC;;;;;;;;;;;;;;;;;
1037;27/05/2017;8;16;24;45;50;55;76;PALMEIRAS/SP;;;;;;;;;;;;;;;;;
1038;30/05/2017;25;31;35;36;41;57;69;ATLêTICO/MG;;;;;;;;;;;;;;;;;
1039;01/06/2017;20;21;31;37;49;62;68;REMO/PA;;;;;;;;;;;;;;;;;
1040;03/06/2017;5;7;19;40;64;72;75;RIO BRANCO/ES;;;;;;;;;;;;;;;;;
1041;06/06/2017;6;8;12;47;67;69;79;RIO BRANCO/ES;;;;;;;;;;;;;;;;;
1042;08/06/2017;2;17;37;70;71;74;79;S«O PAULO/SP;;;;;;;;;;;;;;;;;
1043;10/06/2017;17;27;49;53;56;57;79;MOTO CLUBE/MA;;;;;;;;;;;;;;;;;
1044;13/06/2017;2;23;35;49;58;63;71;VILA NOVA/GO;;;;;;;;;;;;;;;;;
1045;17/06/2017;19;45;49;50;68;74;78;GAMA/DF;;;;;;;;;;;;;;;;;
1046;20/06/2017;4;11;45;57;67;73;80;AMêRICA/RN;;;;;;;;;;;;;;;;;
1047;22/06/2017;6;15;23;32;57;62;76;ITUANO/SP;;;;;;;;;;;;;;;;;
1048;24/06/2017;4;12;22;31;36;40;59;NµUTICO/PE;;;;;;;;;;;;;;;;;
1049;27/06/2017;7;11;31;47;65;67;77;SANTOS/SP;;;;;;;;;;;;;;;;;
1050;29/06/2017;6;8;28;33;48;60;70;SANTA CRUZ/PE;;;;;;;;;;;;;;;;;
1051;01/07/2017;4;22;24;64;66;77;78;VASCO DA GAMA/RJ;;;;;;;;;;;;;;;;;
1052;04/07/2017;1;3;10;20;26;38;56;XV PIRACICABA/SP;;;;;;;;;;;;;;;;;
1053;06/07/2017;9;13;46;59;65;72;79;AMêRICA/RJ;;;;;;;;;;;;;;;;;
1054;08/07/2017;14;20;22;25;27;45;69;AMERICANO/RJ;;;;;;;;;;;;;;;;;
1055;11/07/2017;31;35;43;47;49;57;65;YPIRANGA/AP;;;;;;;;;;;;;;;;;
1056;13/07/2017;9;29;30;45;46;51;73;ABC/RN;;;;;;;;;;;;;;;;;
1057;15/07/2017;5;9;16;29;33;53;76;PARANµ/PR;;;;;;;;;;;;;;;;;
1058;18/07/2017;2;3;5;17;26;30;46;GR“MIO/RS;;;;;;;;;;;;;;;;;
1059;20/07/2017;6;14;16;25;36;44;62;VIT‡RIA/BA;;;;;;;;;;;;;;;;;
1060;22/07/2017;4;24;28;34;40;41;66;YPIRANGA/AP;;;;;;;;;;;;;;;;;
1061;25/07/2017;2;10;13;23;28;34;44;MAR÷LIA/SP;;;;;;;;;;;;;;;;;
1062;27/07/2017;5;25;40;51;67;69;72;CRB/AL;;;;;;;;;;;;;;;;;
1063;29/07/2017;6;26;34;42;44;70;74;MIXTO/MT;;;;;;;;;;;;;;;;;
1064;01/08/2017;6;8;16;25;29;49;70;VILLA NOVA/MG;;;;;;;;;;;;;;;;;
1065;03/08/2017;3;7;42;49;50;59;78;JUVENTUS/SP;;;;;;;;;;;;;;;;;
1066;05/08/2017;16;18;21;38;41;48;54;AMERICANO/RJ;;;;;;;;;;;;;;;;;
1067;08/08/2017;11;18;34;55;66;69;76;JUVENTUS/SP;;;;;;;;;;;;;;;;;
1068;10/08/2017;5;6;18;19;28;38;69;UNI«O S«O JO«O/SP;;;;;;;;;;;;;;;;;
1069;12/08/2017;2;11;19;37;43;64;72;SPORT/PE;;;;;;;;;;;;;;;;;
1070;15/08/2017;13;20;33;38;41;53;72;OPERARIO/MS;;;;;;;;;;;;;;;;;
1071;17/08/2017;5;12;20;23;50;66;76;GR“MIO/RS;;;;;;;;;;;;;;;;;
1072;19/08/2017;3;34;38;46;71;76;79;VILA NOVA/GO;;;;;;;;;;;;;;;;;
1073;22/08/2017;4;5;11;20;21;34;36;GR“MIO/RS;;;;;;;;;;;;;;;;;
1074;24/08/2017;8;32;38;72;74;79;80;SANTO ANDRê/SP;;;;;;;;;;;;;;;;;
1075;26/08/2017;1;11;19;29;41;73;79;BOTAFOGO/RJ;;;;;;;;;;;;;;;;;
1076;29/08/2017;4;50;57;67;73;76;78;UNI«O S«O JO«O/SP;;;;;;;;;;;;;;;;;
1077;31/08/2017;15;18;27;52;57;61;69;NACIONAL/AM;;;;;;;;;;;;;;;;;
1078;02/09/2017;12;35;44;50;51;62;74;AVA÷/SC;;;;;;;;;;;;;;;;;
1079;05/09/2017;3;26;34;46;61;73;75;INTERNACIONAL/RS;;;;;;;;;;;;;;;;;
1080;09/09/2017;3;27;38;43;51;61;68;CRUZEIRO/MG;;;;;;;;;;;;;;;;;
1081;12/09/2017;2;22;23;32;43;46;70;LONDRINA/PR;;;;;;;;;;;;;;;;;
1082;14/09/2017;19;28;34;35;49;54;80;VIT‡RIA/BA;;;;;;;;;;;;;;;;;
1083;16/09/2017;3;39;40;47;62;75;80;PAYSANDU/PA;;;;;;;;;;;;;;;;;
1084;19/09/2017;10;14;16;30;48;67;69;BAHIA/BA;;;;;;;;;;;;;;;;;
1085;21/09/2017;17;18;25;32;42;45;63;ATHLêTICO/PR;;;;;;;;;;;;;;;;;
1086;23/09/2017;1;6;13;15;19;35;66;FIGUEIRENSE/SC;;;;;;;;;;;;;;;;;
1087;26/09/2017;12;28;37;44;59;66;75;AMêRICA/MG;;;;;;;;;;;;;;;;;
1088;28/09/2017;5;49;53;58;63;68;69;CRICIÈMA/SC;;;;;;;;;;;;;;;;;
1089;30/09/2017;44;50;51;55;66;72;74;VASCO DA GAMA/RJ;;;;;;;;;;;;;;;;;
1090;03/10/2017;10;16;25;32;44;54;73;AMERICANO/RJ;;;;;;;;;;;;;;;;;
1091;05/10/2017;5;10;15;26;36;52;55;SAMPAIO CORR“A/MA;;;;;;;;;;;;;;;;;
1092;07/10/2017;36;37;40;54;59;61;67;BRAGANTINO/SP;;;;;;;;;;;;;;;;;
1093;10/10/2017;1;33;44;46;52;60;67;SANTA CRUZ/PE;;;;;;;;;;;;;;;;;
1094;14/10/2017;19;37;40;41;64;78;79;CRICIÈMA/SC;;;;;;;;;;;;;;;;;
1095;17/10/2017;5;13;14;34;46;51;67;S«O RAIMUNDO/AM;;;;;;;;;;;;;;;;;
1096;19/10/2017;12;24;60;68;70;71;74;PALMEIRAS/SP;;;;;;;;;;;;;;;;;
1097;21/10/2017;12;30;36;45;49;57;64;UNI«O S«O JO«O/SP;;;;;;;;;;;;;;;;;
1098;24/10/2017;1;4;19;25;37;45;62;PALMAS/TO;;;;;;;;;;;;;;;;;
1099;26/10/2017;6;13;29;36;43;58;62;CRB/AL;;;;;;;;;;;;;;;;;
1100;28/10/2017;4;32;40;49;66;72;77;AVA÷/SC;;;;;;;;;;;;;;;;;
1101;31/10/2017;5;16;18;41;45;51;66;RIO BRANCO/AC;;;;;;;;;;;;;;;;;
1102;04/11/2017;11;12;29;30;35;38;71;AMERICANO/RJ;;;;;;;;;;;;;;;;;
1103;07/11/2017;19;36;40;47;60;67;73;RORAIMA/RR;;;;;;;;;;;;;;;;;
1104;09/11/2017;1;19;34;55;56;58;68;TREZE/PB;;;;;;;;;;;;;;;;;
1105;11/11/2017;35;36;38;40;50;57;74;PONTE PRETA/SP;;;;;;;;;;;;;;;;;
1106;14/11/2017;13;17;24;29;38;42;53;CORITIBA/PR;;;;;;;;;;;;;;;;;
1107;16/11/2017;4;7;22;28;31;39;76;OPERARIO/MS;;;;;;;;;;;;;;;;;
1108;18/11/2017;9;10;11;43;45;48;76;CRB/AL;;;;;;;;;;;;;;;;;
1109;21/11/2017;5;16;32;33;40;50;71;BRASILIENSE/DF;;;;;;;;;;;;;;;;;
1110;23/11/2017;4;24;42;55;72;77;78;S«O CAETANO/SP;;;;;;;;;;;;;;;;;
1111;25/11/2017;13;28;31;57;63;66;71;AMêRICA/RJ;;;;;;;;;;;;;;;;;
1112;28/11/2017;5;23;26;28;44;51;69;RORAIMA/RR;;;;;;;;;;;;;;;;;
1113;30/11/2017;10;15;23;34;48;71;72;PALMAS/TO;;;;;;;;;;;;;;;;;
1114;02/12/2017;8;31;33;41;45;67;73;XV PIRACICABA/SP;;;;;;;;;;;;;;;;;
1115;05/12/2017;5;9;24;38;46;50;51;AMêRICA/RJ;;;;;;;;;;;;;;;;;
1116;07/12/2017;2;38;50;64;66;72;76;UNI«O S«O JO«O/SP;;;;;;;;;;;;;;;;;
1117;09/12/2017;7;15;22;53;61;73;75;PAYSANDU/PA;;;;;;;;;;;;;;;;;
1118;12/12/2017;5;19;23;36;55;57;71;ATLêTICO/GO;;;;;;;;;;;;;;;;;
1119;14/12/2017;10;19;36;37;38;52;77;XV PIRACICABA/SP;;;;;;;;;;;;;;;;;
1120;16/12/2017;4;35;40;50;55;73;76;TREZE/PB;;;;;;;;;;;;;;;;;
1121;19/12/2017;2;3;20;56;60;66;75;ATLêTICO/GO;;;;;;;;;;;;;;;;;
1122;21/12/2017;3;28;32;35;41;42;44;TUNA LUSO/PA;;;;;;;;;;;;;;;;;
1123;23/12/2017;12;18;22;57;69;71;75;CORINTHIANS/SP;;;;;;;;;;;;;;;;;
1124;26/12/2017;1;9;14;34;41;45;72;AMERICANO/RJ;;;;;;;;;;;;;;;;;
1125;28/12/2017;4;21;23;40;44;61;68;MAR÷LIA/SP;;;;;;;;;;;;;;;;;
1126;30/12/2017;1;7;36;40;63;65;75;CORINTHIANS/SP;;;;;;;;;;;;;;;;;
1127;04/01/2018;1;5;8;29;34;45;80;INTER LIMEIRA/SP;;;;;;;;;;;;;;;;;
1128;06/01/2018;20;24;27;53;75;76;80;BOTAFOGO/RJ;;;;;;;;;;;;;;;;;
1129;09/01/2018;8;21;29;31;39;73;80;SAMPAIO CORR“A/MA;;;;;;;;;;;;;;;;;
1130;11/01/2018;4;6;26;27;36;44;55;CRICIÈMA/SC;;;;;;;;;;;;;;;;;
1131;13/01/2018;7;20;30;37;49;50;53;FORTALEZA/CE;;;;;;;;;;;;;;;;;
1132;16/01/2018;5;11;17;51;52;57;75;CRB/AL;;;;;;;;;;;;;;;;;
1133;18/01/2018;3;11;28;29;37;47;72;AMêRICA/RN;;;;;;;;;;;;;;;;;
1134;20/01/2018;6;20;23;30;48;73;74;VIT‡RIA/BA;;;;;;;;;;;;;;;;;
1135;23/01/2018;4;28;31;36;45;56;61;A B C/RN;;;;;;;;;;;;;;;;;
1136;25/01/2018;4;11;16;21;39;50;51;PAULISTA/SP;;;;;;;;;;;;;;;;;
1137;27/01/2018;15;22;24;47;52;72;79;BRAGANTINO/SP;;;;;;;;;;;;;;;;;
1138;30/01/2018;1;6;16;21;23;39;41;MOTO CLUBE/MA;;;;;;;;;;;;;;;;;
1139;01/02/2018;2;19;42;54;56;69;72;PALMAS/TO;;;;;;;;;;;;;;;;;
1140;03/02/2018;19;23;36;45;57;68;73;NACIONAL/AM;;;;;;;;;;;;;;;;;
1141;06/02/2018;3;22;27;30;53;60;74;INTER LIMEIRA/SP;;;;;;;;;;;;;;;;;
1142;08/02/2018;10;30;37;38;69;70;78;RORAIMA/RR;;;;;;;;;;;;;;;;;
1143;10/02/2018;6;11;14;36;56;66;68;BOTAFOGO/PB;;;;;;;;;;;;;;;;;
1144;15/02/2018;9;19;23;34;48;58;72;PARANµ/PR;;;;;;;;;;;;;;;;;
1145;17/02/2018;12;20;24;47;49;51;64;SERGIPE/SE;;;;;;;;;;;;;;;;;
1146;20/02/2018;4;6;12;26;39;48;63;XV PIRACICABA/SP;;;;;;;;;;;;;;;;;
1147;22/02/2018;8;26;39;40;48;55;68;REMO/PA;;;;;;;;;;;;;;;;;
1148;24/02/2018;9;10;44;53;56;68;70;XV PIRACICABA/SP;;;;;;;;;;;;;;;;;
1149;27/02/2018;1;3;15;24;29;47;49;FLUMINENSE/RJ;;;;;;;;;;;;;;;;;
1150;01/03/2018;3;19;21;33;37;64;65;NACIONAL/AM;;;;;;;;;;;;;;;;;
1151;03/03/2018;10;12;14;29;41;44;70;GUARANI/SP;;;;;;;;;;;;;;;;;
1152;06/03/2018;12;16;33;52;55;71;77;NµUTICO/PE;;;;;;;;;;;;;;;;;
1153;08/03/2018;8;21;48;52;57;74;80;PALMAS/TO;;;;;;;;;;;;;;;;;
1154;10/03/2018;27;28;54;56;65;73;80;RIVER/PI;;;;;;;;;;;;;;;;;
1155;13/03/2018;8;14;25;39;42;50;61;TREZE/PB;;;;;;;;;;;;;;;;;
1156;15/03/2018;15;17;52;66;68;72;76;SPORT/PE;;;;;;;;;;;;;;;;;
1157;17/03/2018;9;18;20;35;44;46;55;RIO BRANCO/AC;;;;;;;;;;;;;;;;;
1158;20/03/2018;9;21;22;31;44;50;58;BARUERI/SP;;;;;;;;;;;;;;;;;
1159;22/03/2018;13;18;37;47;48;67;68;CRB/AL;;;;;;;;;;;;;;;;;
1160;24/03/2018;3;40;41;51;60;66;72;BRAGANTINO/SP;;;;;;;;;;;;;;;;;
1161;27/03/2018;1;33;41;49;50;55;71;TREZE/PB;;;;;;;;;;;;;;;;;
1162;29/03/2018;19;20;24;40;48;57;61;S«O CAETANO/SP;;;;;;;;;;;;;;;;;
1163;31/03/2018;6;33;36;37;38;43;72;AMERICANO/RJ;;;;;;;;;;;;;;;;;
1164;03/04/2018;10;25;30;45;62;74;77;CRUZEIRO/MG;;;;;;;;;;;;;;;;;
1165;05/04/2018;12;22;27;41;56;65;68;SANTO ANDRE/SP;;;;;;;;;;;;;;;;;
1166;07/04/2018;23;35;39;50;51;52;74;RIO BRANCO/ES;;;;;;;;;;;;;;;;;
1167;10/04/2018;9;21;37;60;67;71;76;RORAIMA/RR;;;;;;;;;;;;;;;;;
1168;12/04/2018;19;54;67;68;72;74;75;AMêRICA/MG;;;;;;;;;;;;;;;;;
1169;14/04/2018;4;5;8;26;36;67;72;CRUZEIRO/MG;;;;;;;;;;;;;;;;;
1170;17/04/2018;11;35;38;44;48;51;77;VILLA NOVA/MG;;;;;;;;;;;;;;;;;
1171;19/04/2018;9;12;22;26;27;43;58;SANTO ANDRê/SP;;;;;;;;;;;;;;;;;
1172;24/04/2018;3;7;15;16;21;69;79;U BARBARENSE;;;;;;;;;;;;;;;;;
1173;26/04/2018;2;3;4;5;8;62;75;AMêRICA/MG;;;;;;;;;;;;;;;;;
1174;28/04/2018;3;12;21;27;58;61;69;RIO BRANCO/AC;;;;;;;;;;;;;;;;;
1175;03/05/2018;6;11;38;40;50;71;78;AMêRICA/RJ;;;;;;;;;;;;;;;;;
1176;05/05/2018;12;61;63;66;67;71;76;PALMAS/TO;;;;;;;;;;;;;;;;;
1177;08/05/2018;7;14;30;33;54;65;74;FLAMENGO/RJ;;;;;;;;;;;;;;;;;
1178;10/05/2018;15;35;37;38;43;66;69;ABC/RN;;;;;;;;;;;;;;;;;
1179;12/05/2018;5;21;32;33;57;60;79;CORITIBA/PR;;;;;;;;;;;;;;;;;
1180;15/05/2018;1;29;45;58;68;73;79;SAMPAIO CORR“A/MA;;;;;;;;;;;;;;;;;
1181;17/05/2018;8;34;37;44;48;72;80;NµUTICO/PE;;;;;;;;;;;;;;;;;
1182;19/05/2018;8;17;19;21;46;76;78;MIXTO/MT;;;;;;;;;;;;;;;;;
1183;22/05/2018;4;10;17;53;55;70;77;REMO/PA;;;;;;;;;;;;;;;;;
1184;24/05/2018;2;13;28;31;51;65;72;AMERICANO/RJ;;;;;;;;;;;;;;;;;
1185;26/05/2018;13;21;30;51;52;58;66;BARUERI/SP;;;;;;;;;;;;;;;;;
1186;29/05/2018;10;52;64;71;77;79;80;INTERNACIONAL/RS;;;;;;;;;;;;;;;;;
1187;02/06/2018;5;39;41;50;52;66;71;OPERARIO/MS;;;;;;;;;;;;;;;;;
1188;05/06/2018;25;41;53;61;67;76;78;S«O CAETANO/SP;;;;;;;;;;;;;;;;;
1189;07/06/2018;19;26;35;37;51;60;69;BRAGANTINO/SP;;;;;;;;;;;;;;;;;
1190;09/06/2018;24;25;28;40;49;69;72;NACIONAL/AM;;;;;;;;;;;;;;;;;
1191;12/06/2018;14;15;40;59;63;69;74;VILLA NOVA/MG;;;;;;;;;;;;;;;;;
1192;14/06/2018;31;32;38;51;52;61;74;BRASILIENSE/DF;;;;;;;;;;;;;;;;;
1193;16/06/2018;23;27;52;54;57;66;71;VASCO DA GAMA/RJ;;;;;;;;;;;;;;;;;
1194;19/06/2018;5;23;28;52;60;72;80;CRB/AL;;;;;;;;;;;;;;;;;
1195;21/06/2018;6;9;13;38;56;61;75;AMERICANO/RJ;;;;;;;;;;;;;;;;;
1196;23/06/2018;19;24;26;47;53;54;70;AMêRICA/MG;;;;;;;;;;;;;;;;;
1197;26/06/2018;9;19;26;29;33;34;58;ATLêTICO/GO;;;;;;;;;;;;;;;;;
1198;28/06/2018;18;30;40;47;48;51;79;S«O RAIMUNDO/AM;;;;;;;;;;;;;;;;;
1199;30/06/2018;10;22;24;29;30;34;36;JUVENTUS/SP;;;;;;;;;;;;;;;;;
1200;03/07/2018;15;53;58;62;65;74;77;S«O PAULO/SP;;;;;;;;;;;;;;;;;
1201;05/07/2018;18;24;26;33;36;52;54;S«O  CAETANO/SP;;;;;;;;;;;;;;;;;
1202;07/07/2018;12;36;44;58;63;69;75;S«O CAETANO/SP;;;;;;;;;;;;;;;;;
1203;10/07/2018;11;24;31;44;50;57;62;SAMPAIO CORR“A/MA;;;;;;;;;;;;;;;;;
1204;12/07/2018;5;29;32;39;51;65;70;BRASILIENSE/DF;;;;;;;;;;;;;;;;;
1205;14/07/2018;7;23;29;54;69;70;75;PONTE PRETA/SP;;;;;;;;;;;;;;;;;
1206;17/07/2018;5;8;13;41;48;49;69;PAULISTA/SP;;;;;;;;;;;;;;;;;
1207;19/07/2018;4;35;41;43;48;53;56;ATHLêTICO/PR;;;;;;;;;;;;;;;;;
1208;21/07/2018;7;8;9;35;52;70;79;AMERICANO/RJ;;;;;;;;;;;;;;;;;
1209;24/07/2018;5;9;18;29;56;63;68;DESPORTIVA/ES;;;;;;;;;;;;;;;;;
1210;26/07/2018;7;12;31;56;61;65;79;CRB/AL;;;;;;;;;;;;;;;;;
1211;28/07/2018;1;4;16;36;39;44;62;U BARBARENSE;;;;;;;;;;;;;;;;;
1212;31/07/2018;2;13;26;37;51;72;73;CRUZEIRO/MG;;;;;;;;;;;;;;;;;
1213;02/08/2018;10;20;40;41;51;70;75;IPATINGA/MG;;;;;;;;;;;;;;;;;
1214;04/08/2018;10;13;19;23;33;61;68;PAULISTA/SP;;;;;;;;;;;;;;;;;
1215;07/08/2018;15;23;37;43;57;66;67;RIVER/PI;;;;;;;;;;;;;;;;;
1216;09/08/2018;15;16;22;36;50;71;79;FLUMINENSE/RJ;;;;;;;;;;;;;;;;;
1217;11/08/2018;4;12;31;56;61;69;80;VILA NOVA/GO;;;;;;;;;;;;;;;;;
1218;14/08/2018;29;39;42;60;68;71;72;UBERL∂NDIA/MG;;;;;;;;;;;;;;;;;
1219;16/08/2018;1;3;22;34;38;48;62;PAYSANDU/PA;;;;;;;;;;;;;;;;;
1220;18/08/2018;10;18;35;46;56;69;73;OLARIA/RJ;;;;;;;;;;;;;;;;;
1221;21/08/2018;12;19;47;48;58;67;70;OLARIA/RJ;;;;;;;;;;;;;;;;;
1222;23/08/2018;14;17;36;37;42;46;52;RORAIMA/RR;;;;;;;;;;;;;;;;;
1223;25/08/2018;13;15;38;40;48;68;69;AMêRICA/MG;;;;;;;;;;;;;;;;;
1224;28/08/2018;6;18;30;40;45;55;72;VIT‡RIA/BA;;;;;;;;;;;;;;;;;
1225;30/08/2018;14;17;24;31;59;60;77;CORITIBA/PR;;;;;;;;;;;;;;;;;
1226;01/09/2018;6;19;43;69;70;74;80;NACIONAL/AM;;;;;;;;;;;;;;;;;
1227;04/09/2018;9;19;20;41;58;67;77;OPERARIO/MS;;;;;;;;;;;;;;;;;
1228;06/09/2018;5;6;9;32;35;65;80;AMERICANO/RJ;;;;;;;;;;;;;;;;;
1229;08/09/2018;13;21;31;45;48;55;65;ATLêTICO/GO;;;;;;;;;;;;;;;;;
1230;11/09/2018;7;21;27;34;64;68;76;BOTAFOGO/RJ;;;;;;;;;;;;;;;;;
1231;13/09/2018;9;15;34;38;39;43;78;CRB/AL;;;;;;;;;;;;;;;;;
1232;15/09/2018;26;56;57;60;61;62;79;INTER LIMEIRA/SP;;;;;;;;;;;;;;;;;
1233;18/09/2018;4;5;6;17;32;58;62;PORT DESPORT;;;;;;;;;;;;;;;;;
1234;20/09/2018;1;7;50;60;61;67;71;JUVENTUDE/RS;;;;;;;;;;;;;;;;;
1235;22/09/2018;24;26;31;41;50;52;80;LONDRINA/PR;;;;;;;;;;;;;;;;;
1236;25/09/2018;5;20;34;39;50;69;80;DESPORTIVA/ES;;;;;;;;;;;;;;;;;
1237;27/09/2018;5;29;46;49;56;75;79;JI-PARANµ / RO;;;;;;;;;;;;;;;;;
1238;29/09/2018;7;12;18;30;50;65;80;MAR÷LIA/SP;;;;;;;;;;;;;;;;;
1239;02/10/2018;12;28;58;63;73;76;80;CORINTHIANS/SP;;;;;;;;;;;;;;;;;
1240;04/10/2018;9;48;64;66;74;75;79;CRICIÈMA/SC;;;;;;;;;;;;;;;;;
1241;06/10/2018;8;23;50;61;66;70;74;SANTOS/SP;;;;;;;;;;;;;;;;;
1242;09/10/2018;16;30;42;46;49;65;73;PAULISTA/SP;;;;;;;;;;;;;;;;;
1243;11/10/2018;11;17;29;41;44;47;77;TREZE/PB;;;;;;;;;;;;;;;;;
1244;13/10/2018;14;22;32;35;39;40;75;BAHIA/BA;;;;;;;;;;;;;;;;;
1245;16/10/2018;21;27;30;37;42;66;69;MIXTO/MT;;;;;;;;;;;;;;;;;
1246;18/10/2018;21;31;41;62;63;72;79;JOINVILLE/SC;;;;;;;;;;;;;;;;;
1247;20/10/2018;1;27;45;50;65;69;71;YPIRANGA/AP;;;;;;;;;;;;;;;;;
1248;23/10/2018;21;22;28;63;66;70;73;VILLA NOVA/MG;;;;;;;;;;;;;;;;;
1249;25/10/2018;23;25;33;62;63;74;76;CORITIBA/PR;;;;;;;;;;;;;;;;;
1250;27/10/2018;13;21;32;60;67;69;73;BAHIA/BA;;;;;;;;;;;;;;;;;
1251;30/10/2018;6;16;20;28;31;50;77;CRICIÈMA/SC;;;;;;;;;;;;;;;;;
1252;01/11/2018;27;32;50;60;61;62;68;VILLA NOVA/MG;;;;;;;;;;;;;;;;;
1253;03/11/2018;16;22;32;35;43;47;70;CORINTHIANS/SP;;;;;;;;;;;;;;;;;
1254;06/11/2018;2;16;19;25;62;71;75;OLARIA/RJ;;;;;;;;;;;;;;;;;
1255;08/11/2018;16;22;41;44;61;76;79;CRICIÈMA/SC;;;;;;;;;;;;;;;;;
1256;10/11/2018;9;13;20;27;42;43;44;PARANµ/PR;;;;;;;;;;;;;;;;;
1257;13/11/2018;21;38;47;55;59;66;76;S«O RAIMUNDO/AM;;;;;;;;;;;;;;;;;
1258;17/11/2018;3;6;14;46;67;68;79;IPATINGA/MG;;;;;;;;;;;;;;;;;
1259;20/11/2018;19;25;32;48;71;76;79;CSA/AL;;;;;;;;;;;;;;;;;
1260;22/11/2018;18;34;38;60;73;76;77;S«O PAULO/SP;;;;;;;;;;;;;;;;;
1261;24/11/2018;7;19;41;60;72;76;79;SANTOS/SP;;;;;;;;;;;;;;;;;
1262;27/11/2018;13;25;27;56;58;59;70;PONTE PRETA/SP;;;;;;;;;;;;;;;;;
1263;29/11/2018;12;30;31;52;58;64;71;SERGIPE/SE;;;;;;;;;;;;;;;;;
1264;01/12/2018;4;8;44;47;57;59;63;ABC/RN;;;;;;;;;;;;;;;;;
1265;04/12/2018;1;9;26;31;60;62;68;CRICIÈMA/SC;;;;;;;;;;;;;;;;;
1266;06/12/2018;13;14;17;34;46;60;70;BOTAFOGO/RJ;;;;;;;;;;;;;;;;;
1267;08/12/2018;13;26;36;57;60;61;74;BOTAFOGO/RJ;;;;;;;;;;;;;;;;;
1268;11/12/2018;7;17;43;45;65;70;72;RORAIMA/RR;;;;;;;;;;;;;;;;;
1269;13/12/2018;11;18;41;44;49;77;80;BOTAFOGO/PB;;;;;;;;;;;;;;;;;
1270;15/12/2018;8;19;27;33;46;68;77;CORINTHIANS/SP;;;;;;;;;;;;;;;;;
1271;18/12/2018;16;20;30;37;66;68;72;VIT‡RIA/BA;;;;;;;;;;;;;;;;;
1272;20/12/2018;18;21;28;33;41;44;76;PALMEIRAS/SP;;;;;;;;;;;;;;;;;
1273;22/12/2018;1;3;48;58;61;63;67;FIGUEIRENSE/SC;;;;;;;;;;;;;;;;;
1274;27/12/2018;14;49;51;58;63;66;76;GAMA/DF;;;;;;;;;;;;;;;;;
1275;29/12/2018;4;14;19;20;30;46;72;CEARµ/CE;;;;;;;;;;;;;;;;;
1276;03/01/2019;3;6;11;13;35;45;55;NµUTICO/PE;;;;;;;;;;;;;;;;;
1277;05/01/2019;20;29;31;42;47;48;67;AMêRICA/MG;;;;;;;;;;;;;;;;;
1278;08/01/2019;2;3;16;29;31;49;63;RIVER/PI;;;;;;;;;;;;;;;;;
1279;10/01/2019;5;6;11;29;31;49;65;RIO BRANCO/ES;;;;;;;;;;;;;;;;;
1280;12/01/2019;1;6;48;50;51;52;67;REMO/PA;;;;;;;;;;;;;;;;;
1281;15/01/2019;8;26;54;58;59;74;76;REMO/PA;;;;;;;;;;;;;;;;;
1282;17/01/2019;10;30;32;57;60;67;76;FLUMINENSE/RJ;;;;;;;;;;;;;;;;;
1283;19/01/2019;5;15;50;57;60;62;72;PONTE PRETA/SP;;;;;;;;;;;;;;;;;
1284;22/01/2019;14;16;18;58;61;71;79;UBERL∂NDIA/MG;;;;;;;;;;;;;;;;;
1285;24/01/2019;10;13;23;26;31;33;55;SAMPAIO CORR“A/MA;;;;;;;;;;;;;;;;;
1286;26/01/2019;2;27;33;44;48;72;78;S«O RAIMUNDO/AM;;;;;;;;;;;;;;;;;
1287;29/01/2019;8;18;39;42;44;51;62;VILLA NOVA/MG;;;;;;;;;;;;;;;;;
1288;31/01/2019;9;10;32;33;52;53;56;VASCO DA GAMA/RJ;;;;;;;;;;;;;;;;;
1289;02/02/2019;8;9;34;51;53;57;76;PONTE PRETA/SP;;;;;;;;;;;;;;;;;
1290;05/02/2019;23;35;48;61;74;75;79;AVA÷/SC;;;;;;;;;;;;;;;;;
1291;07/02/2019;9;26;35;42;58;66;77;BRASILIENSE/DF;;;;;;;;;;;;;;;;;
1292;09/02/2019;6;18;20;32;40;70;79;VASCO DA GAMA/RJ;;;;;;;;;;;;;;;;;
1293;12/02/2019;17;27;28;30;70;72;75;YPIRANGA/AP;;;;;;;;;;;;;;;;;
1294;14/02/2019;1;11;14;33;56;60;66;BAHIA/BA;;;;;;;;;;;;;;;;;
1295;16/02/2019;4;28;58;60;74;78;80;BARUERI/SP;;;;;;;;;;;;;;;;;
1296;19/02/2019;4;22;26;36;50;68;72;CEARµ/CE;;;;;;;;;;;;;;;;;
1297;21/02/2019;10;16;29;62;65;79;80;CRB/AL;;;;;;;;;;;;;;;;;
1298;23/02/2019;2;31;35;36;51;52;53;IPATINGA/MG;;;;;;;;;;;;;;;;;
1299;26/02/2019;2;15;20;45;63;68;80;SANTOS/SP;;;;;;;;;;;;;;;;;
1300;28/02/2019;3;6;12;14;16;33;47;PAYSANDU/PA;;;;;;;;;;;;;;;;;
1301;02/03/2019;15;43;46;49;68;73;80;SAMPAIO CORR“A/MA;;;;;;;;;;;;;;;;;
1302;07/03/2019;3;23;33;36;39;49;67;CRUZEIRO/MG;;;;;;;;;;;;;;;;;
1303;09/03/2019;12;28;42;45;47;55;75;SPORT/PE;;;;;;;;;;;;;;;;;
1304;12/03/2019;5;11;19;20;27;54;60;RIO BRANCO/ES;;;;;;;;;;;;;;;;;
1305;14/03/2019;10;16;26;35;52;60;62;XV PIRACICABA/SP;;;;;;;;;;;;;;;;;
1306;16/03/2019;1;2;20;40;46;49;70;AMêRICA/RJ;;;;;;;;;;;;;;;;;
1307;19/03/2019;11;17;26;29;32;40;54;U BARBARENSE/SP;;;;;;;;;;;;;;;;;
1308;21/03/2019;12;24;36;43;46;52;77;BARUERI/SP;;;;;;;;;;;;;;;;;
1309;23/03/2019;21;28;32;34;58;72;78;IPATINGA/MG;;;;;;;;;;;;;;;;;
1310;26/03/2019;12;15;23;25;34;51;64;P.  DESPORTOS/SP;;;;;;;;;;;;;;;;;
1311;28/03/2019;14;15;31;35;49;73;76;MAR÷LIA/SP;;;;;;;;;;;;;;;;;
1312;30/03/2019;8;12;17;19;41;56;73;TREZE/PB;;;;;;;;;;;;;;;;;
1313;02/04/2019;16;21;24;41;48;54;58;VILLA NOVA/MG;;;;;;;;;;;;;;;;;
1314;04/04/2019;2;41;44;56;58;66;69;MAR÷LIA/SP;;;;;;;;;;;;;;;;;
1315;06/04/2019;1;13;22;24;39;73;75;ATLêTICO/MG;;;;;;;;;;;;;;;;;
1316;09/04/2019;7;10;12;30;41;67;70;TUNA LUSO/PA;;;;;;;;;;;;;;;;;
1317;11/04/2019;22;29;30;39;42;64;70;TREZE/PB;;;;;;;;;;;;;;;;;
1318;13/04/2019;9;13;39;57;66;70;77;S«O RAIMUNDO/AM;;;;;;;;;;;;;;;;;
1319;16/04/2019;5;9;30;41;57;58;79;VILLA NOVA/MG;;;;;;;;;;;;;;;;;
1320;18/04/2019;19;39;46;51;63;66;69;LONDRINA/PR;;;;;;;;;;;;;;;;;
1321;20/04/2019;7;10;21;35;62;63;65;INTER LIMEIRA/SP;;;;;;;;;;;;;;;;;
1322;23/04/2019;5;12;21;51;54;58;73;JI-PARANµ / RO;;;;;;;;;;;;;;;;;
1323;25/04/2019;9;12;21;24;54;62;64;RIVER/PI;;;;;;;;;;;;;;;;;
1324;27/04/2019;17;21;36;42;49;69;76;ABC/RN;;;;;;;;;;;;;;;;;
1325;30/04/2019;4;5;6;22;40;62;63;BANGU/RJ;;;;;;;;;;;;;;;;;
1326;02/05/2019;2;16;20;22;31;40;74;AVA÷/SC;;;;;;;;;;;;;;;;;
1327;04/05/2019;20;33;45;57;61;62;63;MOTO CLUBE/MA;;;;;;;;;;;;;;;;;
1328;08/05/2019;3;11;29;49;52;59;67;VIT‡RIA/BA;;;;;;;;;;;;;;;;;
1329;09/05/2019;32;42;50;52;59;64;69;ITUANO/SP;;;;;;;;;;;;;;;;;
1330;11/05/2019;2;39;45;50;53;66;77;GOIµS/GO;;;;;;;;;;;;;;;;;
1331;14/05/2019;10;20;24;29;43;55;76;SPORT/PE;;;;;;;;;;;;;;;;;
1332;16/05/2019;7;19;20;64;65;71;80;AMêRICA/RJ;;;;;;;;;;;;;;;;;
1333;18/05/2019;10;36;64;71;75;76;80;AMêRICA/MG;;;;;;;;;;;;;;;;;
1334;21/05/2019;1;6;20;21;49;50;54;CEARµ/CE;;;;;;;;;;;;;;;;;
1335;23/05/2019;2;28;36;49;64;70;80;FLUMINENSE/RJ;;;;;;;;;;;;;;;;;
1336;25/05/2019;2;9;16;20;42;45;47;S«O RAIMUNDO/AM;;;;;;;;;;;;;;;;;
1337;28/05/2019;12;18;35;49;56;59;80;U BARBARENSE/SP;;;;;;;;;;;;;;;;;
1338;30/05/2019;21;35;47;54;55;58;59;VIT‡RIA/BA;;;;;;;;;;;;;;;;;
1339;01/06/2019;8;15;36;41;51;66;67;VIT‡RIA/BA;;;;;;;;;;;;;;;;;
1340;04/06/2019;21;43;44;51;59;65;73;PALMEIRAS/SP;;;;;;;;;;;;;;;;;
1341;06/06/2019;13;16;28;42;44;50;77;MOTO CLUBE/MA;;;;;;;;;;;;;;;;;
1342;08/06/2019;6;13;20;54;56;58;65;AMêRICA/RN;;;;;;;;;;;;;;;;;
1343;11/06/2019;7;34;53;54;64;73;75;PAULISTA/SP;;;;;;;;;;;;;;;;;
1344;13/06/2019;6;22;33;61;65;66;76;ITUANO/SP;;;;;;;;;;;;;;;;;
1345;15/06/2019;12;23;35;39;65;73;80;VIT‡RIA/BA;;;;;;;;;;;;;;;;;
1346;18/06/2019;2;5;33;34;38;40;44;INTERNACIONAL/RS;;;;;;;;;;;;;;;;;
1347;22/06/2019;22;38;41;44;51;52;70;CSA/AL;;;;;;;;;;;;;;;;;
1348;25/06/2019;1;25;47;59;68;69;72;JI-PARANµ / RO;;;;;;;;;;;;;;;;;
1349;27/06/2019;14;15;20;21;37;41;74;TREZE/PB;;;;;;;;;;;;;;;;;
1350;29/06/2019;25;26;42;50;68;69;70;GOIµS/GO;;;;;;;;;;;;;;;;;
1351;02/07/2019;14;19;28;30;44;64;76;DESPORTIVA/ES;;;;;;;;;;;;;;;;;
1352;04/07/2019;6;9;15;28;31;60;67;CRICIÈMA/SC;;;;;;;;;;;;;;;;;
1353;06/07/2019;1;20;34;35;38;64;65;TUNA LUSO/PA;;;;;;;;;;;;;;;;;
1354;09/07/2019;1;8;29;30;31;36;79;S«O PAULO/SP;;;;;;;;;;;;;;;;;
1355;11/07/2019;4;10;21;40;61;68;71;GOIµS/GO;;;;;;;;;;;;;;;;;
1356;13/07/2019;8;31;40;43;49;50;70;RIVER/PI;;;;;;;;;;;;;;;;;
1357;16/07/2019;11;16;29;32;35;65;67;GUARANI/SP;;;;;;;;;;;;;;;;;
1358;18/07/2019;15;20;38;61;66;67;68;S«O CAETANO/SP;;;;;;;;;;;;;;;;;
1359;20/07/2019;1;41;43;53;69;71;72;S«O RAIMUNDO/AM;;;;;;;;;;;;;;;;;
1360;23/07/2019;4;18;54;63;66;74;75;SANTA CRUZ/PE;;;;;;;;;;;;;;;;;
1361;25/07/2019;33;35;37;43;62;65;79;BAHIA/BA;;;;;;;;;;;;;;;;;
1362;27/07/2019;11;14;38;47;49;54;80;CRICIÈMA/SC;;;;;;;;;;;;;;;;;
1363;30/07/2019;6;9;28;32;35;56;59;SANTA CRUZ/PE;;;;;;;;;;;;;;;;;
1364;01/08/2019;1;26;27;32;38;55;61;CORINTHIANS/SP;;;;;;;;;;;;;;;;;
1365;03/08/2019;6;13;36;45;50;55;74;XV PIRACICABA/SP;;;;;;;;;;;;;;;;;
1366;06/08/2019;17;35;38;60;64;73;77;CORITIBA/PR;;;;;;;;;;;;;;;;;
1367;08/08/2019;7;38;50;53;65;73;80;ATLêTICO/GO;;;;;;;;;;;;;;;;;
1368;10/08/2019;21;39;50;55;64;71;78;ATHLêTICO/PR;;;;;;;;;;;;;;;;;
1369;13/08/2019;3;7;8;50;63;70;71;DESPORTIVA/ES;;;;;;;;;;;;;;;;;
1370;15/08/2019;21;30;39;40;41;70;76;VIT‡RIA/BA;;;;;;;;;;;;;;;;;
1371;17/08/2019;7;23;40;45;51;70;78;CSA/AL;;;;;;;;;;;;;;;;;
1372;20/08/2019;4;7;8;50;61;69;77;IPATINGA/MG;;;;;;;;;;;;;;;;;
1373;22/08/2019;5;21;23;53;59;62;64;FORTALEZA/CE;;;;;;;;;;;;;;;;;
1374;24/08/2019;6;12;43;51;61;62;65;VILA NOVA/GO;;;;;;;;;;;;;;;;;
1375;27/08/2019;8;15;44;54;55;59;60;ITUANO/SP;;;;;;;;;;;;;;;;;
1376;29/08/2019;3;4;35;37;60;74;75;INTER LIMEIRA/SP;;;;;;;;;;;;;;;;;
1377;31/08/2019;8;32;43;52;53;59;79;VILA NOVA/GO;;;;;;;;;;;;;;;;;
1378;03/09/2019;3;5;15;44;49;55;70;XV PIRACICABA/SP;;;;;;;;;;;;;;;;;
1379;05/09/2019;15;35;37;46;47;49;58;JOINVILLE/SC;;;;;;;;;;;;;;;;;
1380;10/09/2019;19;22;40;44;51;56;65;SANTOS/SP;;;;;;;;;;;;;;;;;
1381;12/09/2019;12;14;30;54;55;62;80;UBERL∂NDIA/MG;;;;;;;;;;;;;;;;;
1382;14/09/2019;33;38;43;45;49;53;80;CRUZEIRO/MG;;;;;;;;;;;;;;;;;
1383;17/09/2019;32;33;37;41;46;57;63;U BARBARENSE/SP;;;;;;;;;;;;;;;;;
1384;19/09/2019;4;16;17;27;31;54;56;AMêRICA/RN;;;;;;;;;;;;;;;;;
1385;21/09/2019;14;22;25;41;51;63;78;NACIONAL/AM;;;;;;;;;;;;;;;;;
1386;24/09/2019;1;9;32;39;61;73;79;FLUMINENSE/RJ;;;;;;;;;;;;;;;;;
1387;26/09/2019;7;26;28;29;34;65;69;ATLêTICO/GO;;;;;;;;;;;;;;;;;
1388;28/09/2019;14;27;31;42;47;59;66;TREZE/PB;;;;;;;;;;;;;;;;;
1389;01/10/2019;1;15;21;23;24;57;79;PAULISTA;;;;;;;;;;;;;;;;;
1390;03/10/2019;15;43;52;60;62;65;77;JUVENTUDE;;;;;;;;;;;;;;;;;
1391;05/10/2019;9;11;39;51;61;72;76;JUVENTUSE;;;;;;;;;;;;;;;;;
1392;08/10/2019;3;13;33;34;45;47;63;AMERICASE;;;;;;;;;;;;;;;;;
1393;10/10/2019;16;31;44;48;56;62;70;RIO BRANCO;;;;;;;;;;;;;;;;;
1394;15/10/2019;3;6;12;32;46;59;80;MIXTORANCO;;;;;;;;;;;;;;;;;
1395;17/10/2019;1;13;51;52;55;58;71;BAHIARANCO;;;;;;;;;;;;;;;;;
1396;19/10/2019;7;31;34;39;61;68;72;UBERLANDIA;;;;;;;;;;;;;;;;;
1397;22/10/2019;1;2;29;56;58;65;74;NAUTICODIA;;;;;;;;;;;;;;;;;
1398;24/10/2019;5;22;25;40;61;66;76;ATHLETICOA;;;;;;;;;;;;;;;;;
1399;26/10/2019;4;15;29;39;52;66;70;PONTE PRETA;;;;;;;;;;;;;;;;;
1400;29/10/2019;2;5;22;35;51;62;76;MARILIARETA;;;;;;;;;;;;;;;;;
1401;31/10/2019;9;12;28;55;57;69;77;S RAIMUNDOA;;;;;;;;;;;;;;;;;
1402;05/11/2019;6;31;49;55;58;62;69;REMOIMUNDOA;;;;;;;;;;;;;;;;;
1403;07/11/2019;13;16;25;48;52;57;68;FORTALEZAOA;;;;;;;;;;;;;;;;;
1404;09/11/2019;2;21;28;56;58;69;71;CRUZEIROAOA;;;;;;;;;;;;;;;;;
1405;12/11/2019;12;22;63;65;66;69;73;SERGIPEOAOA;;;;;;;;;;;;;;;;;
1406;14/11/2019;46;49;54;64;68;75;80;REMOIPEOAOA;;;;;;;;;;;;;;;;;
1407;16/11/2019;9;14;27;39;42;51;77;AVAIIPEOAOA;;;;;;;;;;;;;;;;;
1408;19/11/2019;6;12;19;46;48;52;76;PALMEIRASOA;;;;;;;;;;;;;;;;;
1409;21/11/2019;8;16;24;51;54;72;79;IPATINGASOA;;;;;;;;;;;;;;;;;
1410;23/11/2019;37;38;39;42;63;69;71;JUVENTUSSOA;;;;;;;;;;;;;;;;;
1411;26/11/2019;22;27;35;55;62;64;74;GREMIOUSSOA;;;;;;;;;;;;;;;;;
1412;28/11/2019;3;19;38;43;46;64;68;GOIASOUSSOA;;;;;;;;;;;;;;;;;
1413;30/11/2019;3;25;28;45;50;67;77;GOIASOUSSOA;;;;;;;;;;;;;;;;;
1414;03/12/2019;11;25;27;37;38;51;75;FIGUEIRENSE;;;;;;;;;;;;;;;;;
1415;05/12/2019;30;31;34;40;45;66;78;PALMASRENSE;;;;;;;;;;;;;;;;;
1416;07/12/2019;4;9;20;21;40;43;79;SANTA CRUZE;;;;;;;;;;;;;;;;;
1417;10/12/2019;5;8;18;42;45;46;53;FORTALEZAZE;;;;;;;;;;;;;;;;;
1418;12/12/2019;11;15;30;52;59;70;76;PONTE PRETA;;;;;;;;;;;;;;;;;
1419;14/12/2019;13;49;54;55;57;63;69;OLARIAPRETA;;;;;;;;;;;;;;;;;
1420;17/12/2019;2;4;8;45;65;75;76;REMOIAPRETA;;;;;;;;;;;;;;;;;
1421;19/12/2019;9;17;32;38;45;53;72;ATLETICOETA;;;;;;;;;;;;;;;;;
1422;21/12/2019;4;12;30;42;58;65;75;SPORTICOETA;;;;;;;;;;;;;;;;;
1423;24/12/2019;11;15;19;35;52;56;75;BAHIAICOETA;;;;;;;;;;;;;;;;;
1424;26/12/2019;2;6;17;30;32;37;61;AVAIAICOETA;;;;;;;;;;;;;;;;;
1425;28/12/2019;21;27;34;55;65;68;70;BAHIAICOETA;;;;;;;;;;;;;;;;;
1426;30/12/2019;32;33;35;42;56;67;70;PAYSANDUETA;;;;;;;;;;;;;;;;;
1427;03/01/2020;11;15;26;47;50;71;79;FIGUEIRENSE;;;;;;;;;;;;;;;;;
1428;04/01/2020;1;17;19;37;44;45;50;JUVENTUDESE;;;;;;;;;;;;;;;;;
1429;07/01/2020;1;53;55;67;68;77;78;PALMASUDESE;;;;;;;;;;;;;;;;;
1430;09/01/2020;10;18;43;48;51;61;80;SANTOSUDESE;;;;;;;;;;;;;;;;;
1431;11/01/2020;24;25;37;44;49;54;59;SANTOSUDESE;;;;;;;;;;;;;;;;;
1432;14/01/2020;7;26;46;48;50;64;78;CEARASUDESE;;;;;;;;;;;;;;;;;
1433;16/01/2020;8;35;42;53;61;69;78;REMOASUDESE;;;;;;;;;;;;;;;;;
1434;18/01/2020;26;33;50;51;69;77;78;IPATINGAESE;;;;;;;;;;;;;;;;;
1435;21/01/2020;2;8;15;22;39;52;73;GREMIOGAESE;;;;;;;;;;;;;;;;;
1436;23/01/2020;7;12;13;18;64;68;78;JOINVILLESE;;;;;;;;;;;;;;;;;
1437;25/01/2020;15;17;26;30;46;58;80;DESPORTIVAE;;;;;;;;;;;;;;;;;
1438;28/01/2020;8;11;18;34;41;61;66;S RAIMUNDOE;;;;;;;;;;;;;;;;;
1439;30/01/2020;2;26;27;30;43;49;60;BAHIAMUNDOE;;;;;;;;;;;;;;;;;
1440;01/02/2020;3;29;43;51;66;68;71;CRBIAMUNDOE;;;;;;;;;;;;;;;;;
1441;04/02/2020;20;26;35;36;41;64;70;PONTE PRETA;;;;;;;;;;;;;;;;;
1442;06/02/2020;11;17;22;34;61;64;80;BRASILIENSE;;;;;;;;;;;;;;;;;
1443;08/02/2020;4;25;26;44;46;59;64;RB BRAGANTINO;;;;;;;;;;;;;;;;;
1444;11/02/2020;1;10;21;27;36;59;61;CORITIBANTINO;;;;;;;;;;;;;;;;;
1445;13/02/2020;17;23;24;26;44;70;71;PONTE PRETANO;;;;;;;;;;;;;;;;;
1446;15/02/2020;9;18;35;48;70;76;79;OLARIAPRETANO;;;;;;;;;;;;;;;;;
1447;18/02/2020;3;7;14;46;62;71;80;INTER LIMEIRA;;;;;;;;;;;;;;;;;
1448;20/02/2020;3;7;56;69;71;73;74;FLUMINENSEIRA;;;;;;;;;;;;;;;;;
1449;22/02/2020;1;6;9;17;26;39;66;RIVERNENSEIRA;;;;;;;;;;;;;;;;;
1450;26/02/2020;11;20;24;56;57;60;68;SAMP CORREARA;;;;;;;;;;;;;;;;;
1451;27/02/2020;13;38;48;57;62;66;69;GAMA CORREARA;;;;;;;;;;;;;;;;;
1452;29/02/2020;3;14;16;17;54;70;78;PAYSANDUREARA;;;;;;;;;;;;;;;;;
1453;03/03/2020;18;35;36;43;47;48;70;CRBSANDUREARA;;;;;;;;;;;;;;;;;
1454;05/03/2020;7;16;28;35;64;73;78;RIO BRANCOARA;;;;;;;;;;;;;;;;;
1455;07/03/2020;5;46;52;61;62;75;80;REMOBRANCOARA;;;;;;;;;;;;;;;;;
1456;10/03/2020;1;4;11;25;36;50;78;UBERLANDIAARA;;;;;;;;;;;;;;;;;
1457;12/03/2020;6;11;19;20;23;27;78;U BARBARENSEA;;;;;;;;;;;;;;;;;
1458;14/03/2020;14;26;43;53;65;70;72;RIVERBARENSEA;;;;;;;;;;;;;;;;;
1459;17/03/2020;33;47;50;58;69;72;80;UBERLANDIASEA;;;;;;;;;;;;;;;;;
1460;19/03/2020;7;11;26;37;45;77;80;CSARLANDIASEA;;;;;;;;;;;;;;;;;
1461;21/03/2020;16;29;55;57;69;74;75;RB BRAGANTINO;;;;;;;;;;;;;;;;;
1462;24/03/2020;36;51;53;54;58;59;70;NACIONALNTINO;;;;;;;;;;;;;;;;;
1463;26/03/2020;2;5;7;22;39;43;70;RORAIMALNTINO;;;;;;;;;;;;;;;;;
1464;28/03/2020;3;12;22;32;63;64;76;NACIONALNTINO;;;;;;;;;;;;;;;;;
1465;31/03/2020;6;31;46;50;54;65;75;RIO BRANCOINO;;;;;;;;;;;;;;;;;
1466;02/04/2020;4;24;37;62;64;73;79;XV PIRACICABA;;;;;;;;;;;;;;;;;
1467;04/04/2020;1;17;24;29;50;58;62;BRASILIENSEBA;;;;;;;;;;;;;;;;;
1468;07/04/2020;21;27;35;43;44;72;80;NACIONALNSEBA;;;;;;;;;;;;;;;;;
1469;09/04/2020;8;14;17;21;36;39;46;PALMASALNSEBA;;;;;;;;;;;;;;;;;
1470;11/04/2020;3;13;14;37;50;51;77;PORT DESPORTA;;;;;;;;;;;;;;;;;
1471;14/04/2020;22;23;29;62;76;79;80;JOINVILLEORTA;;;;;;;;;;;;;;;;;
1472;16/04/2020;5;10;21;23;24;39;64;RIO BRANCORTA;;;;;;;;;;;;;;;;;
1473;18/04/2020;8;13;18;37;43;54;70;CSA BRANCORTA;;;;;;;;;;;;;;;;;
1474;20/04/2020;8;19;30;31;33;53;80;VILA NOVAORTA;;;;;;;;;;;;;;;;;
1475;23/04/2020;4;9;29;32;40;50;66;U BARBARENSEA;;;;;;;;;;;;;;;;;
1476;25/04/2020;2;5;17;38;51;72;75;FLUMINENSESEA;;;;;;;;;;;;;;;;;
1477;28/04/2020;12;24;25;46;57;66;73;PARANAENSESEA;;;;;;;;;;;;;;;;;
1478;30/04/2020;19;21;32;33;42;45;66;GUARANINSESEA;;;;;;;;;;;;;;;;;
1479;02/05/2020;2;5;13;18;22;26;72;FORTALEZAESEA;;;;;;;;;;;;;;;;;
1480;05/05/2020;4;11;14;18;52;65;75;CSATALEZAESEA;;;;;;;;;;;;;;;;;
1481;07/05/2020;6;20;24;33;48;61;79;PAYSANDUAESEA;;;;;;;;;;;;;;;;;
1482;09/05/2020;12;18;27;28;34;60;67;XV PIRACICABA;;;;;;;;;;;;;;;;;
1483;12/05/2020;2;9;14;28;32;37;53;SERGIPECICABA;;;;;;;;;;;;;;;;;
1484;14/05/2020;10;23;45;47;71;73;75;JI-PARANACABA;;;;;;;;;;;;;;;;;
1485;16/05/2020;14;23;30;45;74;76;79;TREZERANACABA;;;;;;;;;;;;;;;;;
1486;19/05/2020;18;22;26;37;49;58;70;CRBZERANACABA;;;;;;;;;;;;;;;;;
1487;21/05/2020;1;23;46;48;65;66;73;FLUMINENSEABA;;;;;;;;;;;;;;;;;
1488;23/05/2020;13;33;36;41;56;74;76;AMERICANOEABA;;;;;;;;;;;;;;;;;
1489;26/05/2020;2;11;13;16;18;31;56;BAHIACANOEABA;;;;;;;;;;;;;;;;;
1490;28/05/2020;3;4;28;34;55;65;66;RIO BRANCOABA;;;;;;;;;;;;;;;;;
1491;30/05/2020;10;22;29;57;70;75;78;SANTO ANDREBA;;;;;;;;;;;;;;;;;
1492;02/06/2020;9;13;17;20;25;50;73;BRASILIENSEBA;;;;;;;;;;;;;;;;;
1493;04/06/2020;9;27;30;42;56;63;64;UNIAO S JOAOA;;;;;;;;;;;;;;;;;
1494;06/06/2020;3;8;11;52;58;59;67;CRICIUMAJOAOA;;;;;;;;;;;;;;;;;
1495;09/06/2020;18;40;50;52;53;60;68;JUVENTUSJOAOA;;;;;;;;;;;;;;;;;
1496;12/06/2020;9;25;27;48;56;68;73;ABCENTUSJOAOA;;;;;;;;;;;;;;;;;
1497;13/06/2020;4;11;22;34;40;45;69;PAYSANDUJOAOA;;;;;;;;;;;;;;;;;
1498;16/06/2020;16;23;41;59;65;72;79;VITORIAUJOAOA;;;;;;;;;;;;;;;;;
1499;18/06/2020;33;38;52;56;66;67;80;AMERICAUJOAOA;;;;;;;;;;;;;;;;;
1500;20/06/2020;1;5;9;22;26;44;57;BARUERIUJOAOA;;;;;;;;;;;;;;;;;
1501;23/06/2020;21;25;51;60;62;71;73;VASCO DA GAMA;;;;;;;;;;;;;;;;;
1502;25/06/2020;12;26;27;37;42;52;62;PALMASDA GAMA;;;;;;;;;;;;;;;;;
1503;27/06/2020;3;10;19;27;30;43;73;GREMIODA GAMA;;;;;;;;;;;;;;;;;
1504;30/06/2020;3;16;30;39;41;47;61;VASCO DA GAMA;;;;;;;;;;;;;;;;;
1505;02/07/2020;19;22;25;49;65;79;80;FLUMINENSEAMA;;;;;;;;;;;;;;;;;
1506;04/07/2020;4;31;37;46;51;58;61;MARILIANSEAMA;;;;;;;;;;;;;;;;;
1507;07/07/2020;3;7;17;26;58;66;73;RB BRAGANTINO;;;;;;;;;;;;;;;;;
1508;09/07/2020;11;13;16;46;49;64;80;PAYSANDUNTINO;;;;;;;;;;;;;;;;;
1509;11/07/2020;16;31;34;44;49;50;78;FIGUEIRENSENO;;;;;;;;;;;;;;;;;
1510;14/07/2020;17;32;50;53;57;65;79;REMOEIRENSENO;;;;;;;;;;;;;;;;;
1511;16/07/2020;23;47;48;64;68;76;77;CEARAIRENSENO;;;;;;;;;;;;;;;;;
1512;18/07/2020;28;32;34;41;46;58;71;JUVENTUDESENO;;;;;;;;;;;;;;;;;
1513;21/07/2020;12;37;38;50;55;75;76;CEARATUDESENO;;;;;;;;;;;;;;;;;
1514;23/07/2020;5;21;26;41;47;75;80;VILA NOVASENO;;;;;;;;;;;;;;;;;
1515;25/07/2020;21;32;34;40;46;48;73;JUVENTUDESENO;;;;;;;;;;;;;;;;;
1516;28/07/2020;16;25;27;56;65;71;73;FIGUEIRENSENO;;;;;;;;;;;;;;;;;
1517;30/07/2020;25;26;43;50;51;67;73;U BARBARENSEO;;;;;;;;;;;;;;;;;
1518;01/08/2020;17;37;42;44;55;63;79;FLUMINENSESEO;;;;;;;;;;;;;;;;;
1519;04/08/2020;2;10;18;34;47;61;75;PALMEIRASESEO;;;;;;;;;;;;;;;;;
1520;06/08/2020;11;14;20;50;54;57;74;RORAIMAASESEO;;;;;;;;;;;;;;;;;
1521;08/08/2020;4;9;46;55;62;78;79;UBERLANDIASEO;;;;;;;;;;;;;;;;;
1522;11/08/2020;17;40;46;55;58;64;69;SANTA CRUZSEO;;;;;;;;;;;;;;;;;
1523;13/08/2020;21;45;51;53;62;64;75;SERGIPERUZSEO;;;;;;;;;;;;;;;;;
1524;15/08/2020;17;22;24;26;45;66;74;TREZEPERUZSEO;;;;;;;;;;;;;;;;;
1525;18/08/2020;13;33;47;48;52;69;77;CRICIUMAUZSEO;;;;;;;;;;;;;;;;;
1526;20/08/2020;6;10;29;32;39;40;55;ATHLETICOZSEO;;;;;;;;;;;;;;;;;
1527;22/08/2020;7;12;33;46;48;53;54;PAYSANDUOZSEO;;;;;;;;;;;;;;;;;
1528;25/08/2020;33;34;39;41;48;51;67;CRICIUMAOZSEO;;;;;;;;;;;;;;;;;
1529;27/08/2020;2;4;16;39;43;69;77;PONTE PRETAEO;;;;;;;;;;;;;;;;;
1530;29/08/2020;19;22;29;43;67;71;76;RIVER PRETAEO;;;;;;;;;;;;;;;;;
1531;01/09/2020;10;12;19;21;23;36;43;VASCO DA GAMA;;;;;;;;;;;;;;;;;
1532;03/09/2020;7;20;35;49;60;61;72;MIXTO DA GAMA;;;;;;;;;;;;;;;;;
1533;05/09/2020;1;17;34;41;60;70;75;S RAIMUNDOAMA;;;;;;;;;;;;;;;;;
1534;08/09/2020;1;8;17;47;75;78;79;FIGUEIRENSEMA;;;;;;;;;;;;;;;;;
1535;10/09/2020;4;6;20;38;52;62;80;YPIRANGA;;;;;;;;;;;;;;;;;
1536;12/09/2020;8;9;25;32;46;70;77;GOIAS;;;;;;;;;;;;;;;;;
1537;15/09/2020;3;10;15;30;43;52;80;UBERLANDIA;;;;;;;;;;;;;;;;;
1538;17/09/2020;5;23;39;52;58;59;77;VASCO DA GAMA;;;;;;;;;;;;;;;;;
1539;19/09/2020;8;23;26;31;44;59;78;VASCO DA GAMA;;;;;;;;;;;;;;;;;
1540;22/09/2020;15;49;55;59;61;76;77;RIO BRANCO;;;;;;;;;;;;;;;;;
1541;24/09/2020;4;7;21;45;72;79;80;CRICIUMA;;;;;;;;;;;;;;;;;
1542;26/09/2020;7;11;37;44;47;66;74;AMERICA;;;;;;;;;;;;;;;;;
1543;29/09/2020;14;17;26;34;38;49;80;OPERARIO;;;;;;;;;;;;;;;;;
1544;01/10/2020;3;10;16;22;24;25;40;RIVER;;;;;;;;;;;;;;;;;
1545;03/10/2020;20;36;55;62;72;74;76;BAHIA;;;;;;;;;;;;;;;;;
1546;06/10/2020;3;16;19;25;37;39;67;BOTAFOGO;;;;;;;;;;;;;;;;;
1547;08/10/2020;3;10;12;18;21;26;41;BANGU;;;;;;;;;;;;;;;;;
1548;10/10/2020;18;28;30;38;50;55;73;TREZE;;;;;;;;;;;;;;;;;
1549;13/10/2020;21;28;30;49;54;59;76;BOTAFOGO;;;;;;;;;;;;;;;;;
1550;15/10/2020;3;39;41;53;60;66;70;JI-PARANA;;;;;;;;;;;;;;;;;
1551;17/10/2020;3;9;23;33;36;41;51;RIO BRANCO;;;;;;;;;;;;;;;;;
1552;20/10/2020;12;26;48;67;71;77;80;PAYSANDU;;;;;;;;;;;;;;;;;
1553;22/10/2020;3;13;28;39;50;72;73;UNIAO S JOAO;;;;;;;;;;;;;;;;;
1554;24/10/2020;1;10;14;25;47;48;50;VILA NOVA;;;;;;;;;;;;;;;;;
1555;27/10/2020;2;7;42;57;63;64;67;AMERICA;;;;;;;;;;;;;;;;;
1556;29/10/2020;7;8;13;15;19;26;72;CSA;;;;;;;;;;;;;;;;;
1557;31/10/2020;4;19;27;49;52;56;79;AMERICANO;;;;;;;;;;;;;;;;;
1558;03/11/2020;7;8;17;18;21;39;40;JOINVILLE;;;;;;;;;;;;;;;;;
1559;05/11/2020;7;15;24;34;45;63;79;GUARANI;;;;;;;;;;;;;;;;;
1560;07/11/2020;22;23;31;40;41;64;73;IPATINGA;;;;;;;;;;;;;;;;;
1561;10/11/2020;11;15;17;20;48;51;71;GAMA;;;;;;;;;;;;;;;;;
1562;12/11/2020;31;32;41;47;57;66;73;PAYSANDU;;;;;;;;;;;;;;;;;
1563;14/11/2020;6;17;21;33;44;53;64;MOTO CLUBE;;;;;;;;;;;;;;;;;
1564;17/11/2020;19;28;35;40;43;74;75;PALMAS;;;;;;;;;;;;;;;;;
1565;19/11/2020;6;9;31;32;48;57;72;AMERICA;;;;;;;;;;;;;;;;;
1566;21/11/2020;2;21;28;42;68;69;74;PONTE PRETA;;;;;;;;;;;;;;;;;
1567;24/11/2020;29;32;34;36;47;67;79;INTER LIMEIRA;;;;;;;;;;;;;;;;;
1568;26/11/2020;15;31;40;45;61;68;78;CRUZEIRO;;;;;;;;;;;;;;;;;
1569;28/11/2020;8;10;17;31;32;34;63;PALMAS;;;;;;;;;;;;;;;;;
1570;01/12/2020;2;4;18;27;29;45;63;PAULISTA;;;;;;;;;;;;;;;;;
1571;03/12/2020;6;36;39;43;44;71;77;AMERICA;;;;;;;;;;;;;;;;;
1572;05/12/2020;36;50;52;56;64;72;75;TREZE;;;;;;;;;;;;;;;;;
1573;08/12/2020;12;18;21;34;47;57;72;BARUERI;;;;;;;;;;;;;;;;;
1574;10/12/2020;3;13;17;27;37;54;59;ATLETICO;;;;;;;;;;;;;;;;;
1575;12/12/2020;2;9;32;48;63;65;67;BOTAFOGO;;;;;;;;;;;;;;;;;
1576;15/12/2020;5;10;13;22;48;54;73;PALMAS;;;;;;;;;;;;;;;;;
1577;17/12/2020;21;29;34;38;46;60;77;MIXTO;;;;;;;;;;;;;;;;;
1578;19/12/2020;3;17;37;50;56;59;73;CSA;;;;;;;;;;;;;;;;;
1579;22/12/2020;3;15;34;48;53;71;76;S RAIMUNDO;;;;;;;;;;;;;;;;;
1580;24/12/2020;7;25;28;34;48;55;61;CRUZEIRO;;;;;;;;;;;;;;;;;
1581;26/12/2020;6;7;31;42;49;53;60;ATLETICO;;;;;;;;;;;;;;;;;
1582;29/12/2020;14;18;23;29;41;49;54;VITORIA;;;;;;;;;;;;;;;;;
1583;31/12/2020;1;4;32;59;62;71;79;JUVENTUDE;;;;;;;;;;;;;;;;;
1584;05/01/2021;1;22;28;62;64;67;78;RORAIMA;;;;;;;;;;;;;;;;;
1585;07/01/2021;2;22;34;44;58;64;74;PORT DESPORT;;;;;;;;;;;;;;;;;
1586;09/01/2021;6;28;29;35;55;75;80;SPORT;;;;;;;;;;;;;;;;;
1587;12/01/2021;17;22;30;34;37;42;59;VASCO DA GAMA;;;;;;;;;;;;;;;;;
1588;14/01/2021;3;11;12;23;36;67;78;VASCO DA GAMA;;;;;;;;;;;;;;;;;
1589;16/01/2021;3;15;17;25;27;72;75;SPORT;;;;;;;;;;;;;;;;;
1590;19/01/2021;2;19;21;27;28;56;65;DESPORTIVA;;;;;;;;;;;;;;;;;
1591;21/01/2021;1;8;9;11;12;21;24;GREMIO;;;;;;;;;;;;;;;;;
1592;23/01/2021;5;21;32;49;55;60;61;FIGUEIRENSE;;;;;;;;;;;;;;;;;
1593;26/01/2021;16;21;26;31;38;59;68;OLARIA;;;;;;;;;;;;;;;;;
1594;28/01/2021;25;29;33;41;45;58;77;BANGU;;;;;;;;;;;;;;;;;
1595;30/01/2021;5;14;26;42;50;72;80;YPIRANGA;;;;;;;;;;;;;;;;;
1596;02/02/2021;10;32;35;53;63;68;77;PAULISTA;;;;;;;;;;;;;;;;;
1597;04/02/2021;13;19;46;61;65;75;79;REMO;;;;;;;;;;;;;;;;;
1598;06/02/2021;2;29;46;53;61;64;65;REMO;;;;;;;;;;;;;;;;;
1599;09/02/2021;16;23;34;51;61;63;73;INTER LIMEIRA;;;;;;;;;;;;;;;;;
1600;11/02/2021;11;21;32;34;44;72;74;TREZE;;;;;;;;;;;;;;;;;
1601;13/02/2021;5;14;21;45;54;68;77;JI-PARANA;;;;;;;;;;;;;;;;;
1602;18/02/2021;15;18;27;45;49;51;78;ATLETICO;;;;;;;;;;;;;;;;;
1603;20/02/2021;17;22;37;39;45;51;70;BANGU;;;;;;;;;;;;;;;;;
1604;23/02/2021;39;56;57;59;70;74;75;VILLA NOVA;;;;;;;;;;;;;;;;;
1605;25/02/2021;26;27;34;39;58;64;76;TREZE;;;;;;;;;;;;;;;;;
1606;27/02/2021;15;42;48;49;62;69;76;AMERICA;;;;;;;;;;;;;;;;;
1607;02/03/2021;14;25;31;33;45;70;75;SANTA CRUZ;;;;;;;;;;;;;;;;;
1608;04/03/2021;13;32;33;36;37;68;79;MARILIA;;;;;;;;;;;;;;;;;
1609;06/03/2021;8;20;33;46;58;63;77;S RAIMUNDO;;;;;;;;;;;;;;;;;
1610;09/03/2021;2;3;41;51;57;71;73;CRB;;;;;;;;;;;;;;;;;
1611;11/03/2021;7;17;20;28;29;38;39;S RAIMUNDO;;;;;;;;;;;;;;;;;
1612;13/03/2021;3;6;37;38;55;56;77;VASCO DA GAMA;;;;;;;;;;;;;;;;;
1613;16/03/2021;7;9;11;12;45;53;61;CORITIBA;;;;;;;;;;;;;;;;;
1614;18/03/2021;7;20;47;57;65;73;78;SANTO ANDRE;;;;;;;;;;;;;;;;;
1615;20/03/2021;7;18;32;50;63;72;80;AVAI;;;;;;;;;;;;;;;;;
1616;23/03/2021;7;25;41;44;57;65;71;PORT DESPORT;;;;;;;;;;;;;;;;;
1617;25/03/2021;5;22;27;31;54;71;74;AVAI;;;;;;;;;;;;;;;;;
1618;27/03/2021;7;11;22;27;35;43;46;CORITIBA;;;;;;;;;;;;;;;;;
1619;30/03/2021;5;10;26;52;57;63;78;SANTO ANDRE;;;;;;;;;;;;;;;;;
1620;01/04/2021;2;13;20;24;42;67;76;JOINVILLE;;;;;;;;;;;;;;;;;
1621;03/04/2021;5;14;48;58;62;63;67;AVAI;;;;;;;;;;;;;;;;;
1622;06/04/2021;15;25;33;38;48;63;74;YPIRANGA;;;;;;;;;;;;;;;;;
1623;08/04/2021;3;22;27;42;53;55;61;FLUMINENSE;;;;;;;;;;;;;;;;;
1624;10/04/2021;13;15;17;28;38;41;74;JOINVILLE;;;;;;;;;;;;;;;;;
1625;13/04/2021;24;41;44;69;70;71;80;LONDRINA;;;;;;;;;;;;;;;;;
1626;15/04/2021;4;12;22;34;41;45;71;IPATINGA;;;;;;;;;;;;;;;;;
1627;17/04/2021;1;35;43;61;64;78;79;PORT DESPORT;;;;;;;;;;;;;;;;;
1628;20/04/2021;9;17;28;43;47;52;72;JI-PARANA;;;;;;;;;;;;;;;;;
1629;22/04/2021;3;8;13;32;44;51;53;RB BRAGANTINO;;;;;;;;;;;;;;;;;
1630;24/04/2021;5;27;28;44;48;68;79;BOTAFOGO;;;;;;;;;;;;;;;;;
1631;27/04/2021;5;14;20;24;35;58;59;FLUMINENSE;;;;;;;;;;;;;;;;;
1632;29/04/2021;4;5;8;20;23;24;51;VITORIA;;;;;;;;;;;;;;;;;
1633;04/05/2021;3;8;31;44;48;57;70;OPERARIO;;;;;;;;;;;;;;;;;
1634;06/05/2021;6;16;25;26;28;43;59;DESPORTIVA;;;;;;;;;;;;;;;;;
1635;08/05/2021;8;27;35;53;62;65;69;ABC;;;;;;;;;;;;;;;;;
1636;11/05/2021;4;20;30;37;40;50;74;ATLETICO;;;;;;;;;;;;;;;;;
1637;13/05/2021;4;36;54;63;72;74;77;SERGIPE;;;;;;;;;;;;;;;;;
1638;15/05/2021;9;19;24;33;37;47;78;GOIAS;;;;;;;;;;;;;;;;;
1639;18/05/2021;9;10;14;33;37;69;79;JOINVILLE;;;;;;;;;;;;;;;;;
1640;20/05/2021;22;39;40;64;75;77;80;NACIONAL;;;;;;;;;;;;;;;;;
1641;22/05/2021;2;4;18;55;59;70;80;XV PIRACICABA;;;;;;;;;;;;;;;;;
1642;25/05/2021;12;14;35;45;47;64;70;SANTA CRUZ;;;;;;;;;;;;;;;;;
1643;27/05/2021;11;21;31;38;39;55;73;VILA NOVA;;;;;;;;;;;;;;;;;
1644;29/05/2021;8;20;23;39;44;49;55;DESPORTIVA;;;;;;;;;;;;;;;;;
1645;01/06/2021;10;13;42;45;46;66;77;PONTE PRETA;;;;;;;;;;;;;;;;;
1646;05/06/2021;10;24;37;64;68;72;73;PALMAS;;;;;;;;;;;;;;;;;
1647;08/06/2021;29;41;43;44;68;71;80;BARUERI;;;;;;;;;;;;;;;;;
1648;10/06/2021;10;14;18;38;49;62;76;JOINVILLE;;;;;;;;;;;;;;;;;
1649;12/06/2021;11;17;19;21;37;66;69;CORINTHIANS;;;;;;;;;;;;;;;;;
1650;15/06/2021;16;41;50;54;68;76;77;PONTE PRETA;;;;;;;;;;;;;;;;;
1651;17/06/2021;6;19;38;44;48;49;52;FIGUEIRENSE;;;;;;;;;;;;;;;;;
1652;19/06/2021;14;15;22;24;25;31;47;FLUMINENSE;;;;;;;;;;;;;;;;;
1653;22/06/2021;5;17;39;40;55;65;73;ATLETICO;;;;;;;;;;;;;;;;;
1654;24/06/2021;1;8;33;42;43;59;76;INTERNACIONAL;;;;;;;;;;;;;;;;;
1655;26/06/2021;2;3;6;16;24;28;31;LONDRINA;;;;;;;;;;;;;;;;;
1656;29/06/2021;29;32;41;53;55;72;78;BRASILIENSE;;;;;;;;;;;;;;;;;
1657;01/07/2021;6;13;14;17;66;71;75;JOINVILLE;;;;;;;;;;;;;;;;;
1658;03/07/2021;20;21;39;49;61;64;72;MIXTO;;;;;;;;;;;;;;;;;
1659;06/07/2021;15;21;27;36;56;59;66;OPERARIO;;;;;;;;;;;;;;;;;
1660;08/07/2021;11;28;43;55;66;73;77;JUVENTUS;;;;;;;;;;;;;;;;;
1661;10/07/2021;8;24;36;51;61;73;77;CRUZEIRO;;;;;;;;;;;;;;;;;
1662;13/07/2021;5;9;24;36;40;42;76;ATLETICO;;;;;;;;;;;;;;;;;
1663;15/07/2021;6;15;41;45;51;61;69;GAMA;;;;;;;;;;;;;;;;;
1664;17/07/2021;8;21;32;35;50;57;76;RB BRAGANTINO;;;;;;;;;;;;;;;;;
1665;20/07/2021;19;20;23;29;39;67;80;RORAIMA;;;;;;;;;;;;;;;;;
1666;22/07/2021;18;19;42;47;62;65;66;BANGU;;;;;;;;;;;;;;;;;
1667;24/07/2021;6;16;21;23;26;39;44;BRASILIENSE;;;;;;;;;;;;;;;;;
1668;27/07/2021;1;11;13;15;57;65;66;NAUTICO;;;;;;;;;;;;;;;;;
1669;29/07/2021;8;17;50;54;57;63;79;U BARBARENSE;;;;;;;;;;;;;;;;;
1670;31/07/2021;10;20;21;25;29;62;80;PARANA;;;;;;;;;;;;;;;;;
1671;03/08/2021;15;33;39;44;47;48;67;GUARANI;;;;;;;;;;;;;;;;;
1672;05/08/2021;1;7;10;34;35;48;75;TUNA LUSO;;;;;;;;;;;;;;;;;
1673;07/08/2021;11;22;32;62;70;76;78;IPATINGA;;;;;;;;;;;;;;;;;
1674;10/08/2021;10;12;15;36;37;58;68;PAULISTA;;;;;;;;;;;;;;;;;
1675;12/08/2021;13;14;18;22;28;41;55;CSA;;;;;;;;;;;;;;;;;
1676;14/08/2021;25;32;39;57;58;60;61;AVAI;;;;;;;;;;;;;;;;;
1677;17/08/2021;18;28;44;45;52;55;61;RIO BRANCO;;;;;;;;;;;;;;;;;
1678;19/08/2021;7;9;18;38;42;49;71;VASCO DA GAMA;;;;;;;;;;;;;;;;;
1679;21/08/2021;4;23;29;59;63;74;77;RORAIMA;;;;;;;;;;;;;;;;;
1680;24/08/2021;6;10;18;44;55;63;70;JUVENTUS;;;;;;;;;;;;;;;;;
1681;26/08/2021;7;17;20;28;52;57;75;GAMA;;;;;;;;;;;;;;;;;
1682;28/08/2021;7;25;39;48;62;76;77;RB BRAGANTINO;;;;;;;;;;;;;;;;;
1683;31/08/2021;4;10;18;25;61;63;68;MIXTO;;;;;;;;;;;;;;;;;
1684;02/09/2021;4;31;32;58;59;61;80;BANGU;;;;;;;;;;;;;;;;;
1685;04/09/2021;9;29;30;34;41;46;61;AMERICA;;;;;;;;;;;;;;;;;
1686;09/09/2021;26;40;42;64;65;70;73;VILLA NOVA;;;;;;;;;;;;;;;;;
1687;11/09/2021;33;42;62;65;71;73;75;ABC;;;;;;;;;;;;;;;;;
1688;14/09/2021;5;36;41;42;49;59;79;ITUANO;;;;;;;;;;;;;;;;;
1689;16/09/2021;9;15;30;32;40;45;68;DESPORTIVA;;;;;;;;;;;;;;;;;
1690;18/09/2021;8;37;42;49;61;68;79;AMERICA;;;;;;;;;;;;;;;;;
1691;21/09/2021;4;18;26;29;68;73;79;SANTA CRUZ;;;;;;;;;;;;;;;;;
1692;23/09/2021;23;36;43;52;53;69;70;PAYSANDU;;;;;;;;;;;;;;;;;
1693;25/09/2021;10;11;22;31;32;50;75;CORINTHIANS;;;;;;;;;;;;;;;;;
1694;28/09/2021;1;7;9;18;25;41;45;PORT DESPORT;;;;;;;;;;;;;;;;;
1695;30/09/2021;1;22;24;34;39;54;62;PORT DESPORT;;;;;;;;;;;;;;;;;
1696;02/10/2021;2;24;30;45;71;72;75;FLAMENGO;;;;;;;;;;;;;;;;;
1697;05/10/2021;3;15;21;32;36;38;61;INTER LIMEIRA;;;;;;;;;;;;;;;;;
1698;07/10/2021;3;10;16;40;51;52;79;AMERICA;;;;;;;;;;;;;;;;;
1699;09/10/2021;12;18;33;45;49;50;74;RORAIMA;;;;;;;;;;;;;;;;;
1700;14/10/2021;16;21;41;55;61;62;64;MOTO CLUBE;;;;;;;;;;;;;;;;;
1701;16/10/2021;34;48;57;58;69;70;77;INTER LIMEIRA;;;;;;;;;;;;;;;;;
1702;19/10/2021;14;21;23;24;28;47;51;SPORT;;;;;;;;;;;;;;;;;
1703;21/10/2021;9;11;13;44;53;54;60;SAO CAETANO;;;;;;;;;;;;;;;;;
1704;23/10/2021;11;27;42;45;66;74;75;LONDRINA;;;;;;;;;;;;;;;;;
1705;26/10/2021;12;19;32;49;57;58;65;VASCO DA GAMA;;;;;;;;;;;;;;;;;
1706;28/10/2021;16;23;37;42;49;63;77;CSA;;;;;;;;;;;;;;;;;
1707;30/10/2021;4;6;14;18;30;46;47;MOTO CLUBE;;;;;;;;;;;;;;;;;
1708;04/11/2021;34;46;54;67;68;70;77;CORINTHIANS;;;;;;;;;;;;;;;;;
1709;06/11/2021;6;20;28;40;52;53;80;JUVENTUDE;;;;;;;;;;;;;;;;;
1710;09/11/2021;3;9;14;19;34;52;62;AMERICANO;;;;;;;;;;;;;;;;;
1711;11/11/2021;1;21;42;48;49;59;78;SAMP CORREA;;;;;;;;;;;;;;;;;
1712;13/11/2021;18;23;35;38;56;72;80;PAULISTA;;;;;;;;;;;;;;;;;
1713;16/11/2021;8;12;25;29;40;41;73;BARUERI;;;;;;;;;;;;;;;;;
1714;18/11/2021;7;20;22;37;38;47;71;SANTOS;;;;;;;;;;;;;;;;;
1715;20/11/2021;9;11;16;51;69;70;72;VITORIA;;;;;;;;;;;;;;;;;
1716;23/11/2021;1;10;11;19;30;50;80;PORT DESPORT;;;;;;;;;;;;;;;;;
1717;25/11/2021;9;13;18;48;69;77;78;FORTALEZA;;;;;;;;;;;;;;;;;
1718;27/11/2021;1;14;29;41;42;51;67;PARANA;;;;;;;;;;;;;;;;;
1719;30/11/2021;2;13;29;43;44;61;70;BOTAFOGO;;;;;;;;;;;;;;;;;
1720;02/12/2021;9;22;30;32;40;54;62;RORAIMA;;;;;;;;;;;;;;;;;
1721;04/12/2021;15;25;30;33;39;57;74;SPORT;;;;;;;;;;;;;;;;;
1722;07/12/2021;8;22;40;49;60;64;70;ATHLETICO;;;;;;;;;;;;;;;;;
1723;09/12/2021;17;20;28;32;34;36;50;GREMIO;;;;;;;;;;;;;;;;;
1724;11/12/2021;27;34;41;43;49;76;79;UNIAO S JOAO;;;;;;;;;;;;;;;;;
1725;14/12/2021;1;25;61;62;63;64;78;JUVENTUS;;;;;;;;;;;;;;;;;
1726;16/12/2021;16;19;31;53;64;71;76;CRB;;;;;;;;;;;;;;;;;
1727;18/12/2021;3;33;38;40;41;70;75;RIO BRANCO;;;;;;;;;;;;;;;;;
1728;21/12/2021;24;25;39;45;47;58;74;NAUTICO;;;;;;;;;;;;;;;;;
1729;23/12/2021;14;23;31;35;42;69;80;RIVER;;;;;;;;;;;;;;;;;
1730;28/12/2021;7;14;20;48;58;78;79;JI-PARANA;;;;;;;;;;;;;;;;;
1731;30/12/2021;4;6;37;49;57;60;72;SERGIPE;;;;;;;;;;;;;;;;;
1732;06/01/2022;25;27;31;35;45;52;77;SANTO ANDRE;;;;;;;;;;;;;;;;;
1733;08/01/2022;9;12;20;35;38;39;73;CRUZEIRO;;;;;;;;;;;;;;;;;
1734;11/01/2022;7;11;21;26;61;65;68;GUARANI;;;;;;;;;;;;;;;;;
1735;13/01/2022;1;6;23;28;42;48;72;SAO CAETANO;;;;;;;;;;;;;;;;;
1736;15/01/2022;9;15;16;34;42;70;79;SERGIPE;;;;;;;;;;;;;;;;;
1737;18/01/2022;9;11;23;31;35;43;69;RIO BRANCO;;;;;;;;;;;;;;;;;
1738;20/01/2022;3;29;43;50;51;66;71;INTER LIMEIRA;;;;;;;;;;;;;;;;;
1739;22/01/2022;6;25;40;45;51;66;78;UBERLANDIA;;;;;;;;;;;;;;;;;
1740;25/01/2022;15;37;48;54;63;67;76;GREMIO;;;;;;;;;;;;;;;;;
1741;27/01/2022;4;34;58;59;66;67;74;SANTO ANDRE;;;;;;;;;;;;;;;;;
1742;29/01/2022;5;10;20;41;59;64;70;GREMIO;;;;;;;;;;;;;;;;;
1743;01/02/2022;2;7;8;34;40;43;80;GAMA;;;;;;;;;;;;;;;;;
1744;03/02/2022;6;12;14;21;49;55;78;BARUERI;;;;;;;;;;;;;;;;;
1745;05/02/2022;1;2;12;26;49;52;54;UBERLANDIA;;;;;;;;;;;;;;;;;
1746;08/02/2022;7;11;14;30;31;36;54;JI-PARANA;;;;;;;;;;;;;;;;;
1747;10/02/2022;12;13;23;35;39;48;70;SANTOS;;;;;;;;;;;;;;;;;
1748;12/02/2022;2;6;18;26;34;41;78;PAULISTA;;;;;;;;;;;;;;;;;
1749;15/02/2022;1;6;12;29;38;45;59;LONDRINA;;;;;;;;;;;;;;;;;
1750;17/02/2022;11;55;69;72;75;78;79;CRUZEIRO;;;;;;;;;;;;;;;;;
1751;19/02/2022;2;10;13;52;60;63;79;RIVER;;;;;;;;;;;;;;;;;
1752;22/02/2022;4;18;33;48;56;70;79;GUARANI;;;;;;;;;;;;;;;;;
1753;24/02/2022;2;9;14;24;51;55;61;RIO BRANCO;;;;;;;;;;;;;;;;;
1754;26/02/2022;2;15;21;25;40;48;68;VILLA NOVA;;;;;;;;;;;;;;;;;
1755;03/03/2022;27;40;47;65;67;72;78;FORTALEZA;;;;;;;;;;;;;;;;;
1756;05/03/2022;1;3;21;30;48;59;65;JUVENTUDE;;;;;;;;;;;;;;;;;
1757;08/03/2022;4;6;27;48;61;64;77;GOIAS;;;;;;;;;;;;;;;;;
1758;10/03/2022;7;9;15;44;55;59;68;CRICIUMA;;;;;;;;;;;;;;;;;
1759;12/03/2022;9;20;25;29;34;42;69;BOTAFOGO;;;;;;;;;;;;;;;;;
1760;15/03/2022;8;12;19;30;33;70;71;PAULISTA;;;;;;;;;;;;;;;;;
1761;17/03/2022;6;25;26;27;30;58;73;CRB;;;;;;;;;;;;;;;;;
1762;19/03/2022;3;14;17;45;46;63;70;ABC;;;;;;;;;;;;;;;;;
1763;22/03/2022;11;26;38;47;56;61;68;BOTAFOGO;;;;;;;;;;;;;;;;;
1764;24/03/2022;12;17;27;35;58;62;65;MARILIA;;;;;;;;;;;;;;;;;
1765;26/03/2022;4;23;32;47;49;64;66;SAMP CORREA;;;;;;;;;;;;;;;;;
1766;29/03/2022;32;43;52;54;69;71;78;ATHLETICO;;;;;;;;;;;;;;;;;
1767;31/03/2022;5;33;35;38;40;56;70;MOTO CLUBE;;;;;;;;;;;;;;;;;
1768;02/04/2022;5;9;20;38;52;54;61;BANGU;;;;;;;;;;;;;;;;;
1769;05/04/2022;3;34;36;43;57;66;76;BOTAFOGO;;;;;;;;;;;;;;;;;
1770;07/04/2022;27;31;46;49;58;68;71;JUVENTUS;;;;;;;;;;;;;;;;;
1771;09/04/2022;9;16;27;36;48;61;64;JI-PARANA;;;;;;;;;;;;;;;;;
1772;12/04/2022;5;17;27;48;51;67;79;PARANA;;;;;;;;;;;;;;;;;
1773;14/04/2022;1;16;33;68;75;77;80;RB BRAGANTINO;;;;;;;;;;;;;;;;;
1774;16/04/2022;1;6;15;21;42;77;79;RIO BRANCO;;;;;;;;;;;;;;;;;
1775;19/04/2022;19;22;35;39;49;68;69;SAMP CORREA;;;;;;;;;;;;;;;;;
1776;23/04/2022;1;16;28;48;63;79;80;FORTALEZA;;;;;;;;;;;;;;;;;
1777;26/04/2022;31;45;51;59;61;67;69;AMERICA;;;;;;;;;;;;;;;;;
1778;28/04/2022;4;19;30;49;62;67;70;BAHIA;;;;;;;;;;;;;;;;;
1779;30/04/2022;15;16;28;55;59;62;78;PALMAS;;;;;;;;;;;;;;;;;
1780;07/05/2022;7;18;23;43;50;67;74;SANTOS;;;;;;;;;;;;;;;;;
1781;10/05/2022;3;6;15;20;21;34;42;VASCO DA GAMA;;;;;;;;;;;;;;;;;
1782;12/05/2022;24;35;43;59;61;68;74;CUIABA;;;;;;;;;;;;;;;;;
1783;14/05/2022;26;27;33;40;59;61;72;OPERARIO;;;;;;;;;;;;;;;;;
1784;17/05/2022;5;12;28;33;45;69;76;OPERARIO;;;;;;;;;;;;;;;;;
1785;19/05/2022;2;6;27;40;63;68;78;FERROVIARIO;;;;;;;;;;;;;;;;;
1786;21/05/2022;12;25;28;56;64;65;71;NAUTICO;;;;;;;;;;;;;;;;;
1787;24/05/2022;9;17;26;57;60;76;77;SANTA CRUZ;;;;;;;;;;;;;;;;;
1788;26/05/2022;6;8;15;26;41;44;74;CAXIAS;;;;;;;;;;;;;;;;;
1789;28/05/2022;17;27;33;36;57;64;74;BOTAFOGO;;;;;;;;;;;;;;;;;
1790;31/05/2022;6;8;23;30;39;45;56;PARANA;;;;;;;;;;;;;;;;;
1791;02/06/2022;3;7;24;28;34;49;58;SAMP CORREA;;;;;;;;;;;;;;;;;
1792;04/06/2022;4;39;49;51;53;62;73;NOVORIZONTINO;;;;;;;;;;;;;;;;;
1793;07/06/2022;2;16;20;25;33;37;71;VILA NOVA;;;;;;;;;;;;;;;;;
1794;09/06/2022;1;13;14;35;37;57;66;NOVORIZONTINO;;;;;;;;;;;;;;;;;
1795;11/06/2022;3;10;12;20;54;55;71;GREMIO;;;;;;;;;;;;;;;;;
1796;14/06/2022;9;53;54;65;70;71;72;FERROVIARIA;;;;;;;;;;;;;;;;;
1797;18/06/2022;1;8;18;51;63;73;76;PONTE PRETA;;;;;;;;;;;;;;;;;
1798;21/06/2022;3;16;21;25;60;66;71;JUAZEIRENSE;;;;;;;;;;;;;;;;;
1799;23/06/2022;5;11;24;26;41;43;79;VASCO DA GAMA;;;;;;;;;;;;;;;;;
1800;25/06/2022;2;10;29;35;46;48;59;BRAGANTINO;;;;;;;;;;;;;;;;;
1801;28/06/2022;11;40;46;54;59;60;72;FERROVIARIA;;;;;;;;;;;;;;;;;
1802;30/06/2022;1;32;38;51;54;59;65;MIRASSOL;;;;;;;;;;;;;;;;;
1803;02/07/2022;7;28;31;41;50;59;66;MOTO CLUB;;;;;;;;;;;;;;;;;
1804;05/07/2022;1;47;55;56;57;64;78;MOTO CLUB;;;;;;;;;;;;;;;;;
1805;07/07/2022;1;7;12;41;55;66;72;NAUTICO;;;;;;;;;;;;;;;;;
1806;09/07/2022;30;32;40;44;67;74;77;MANAUS;;;;;;;;;;;;;;;;;
1807;12/07/2022;28;32;39;44;45;67;73;SAMP CORREA;;;;;;;;;;;;;;;;;
1808;14/07/2022;34;44;56;59;67;70;77;ATHLETICO;;;;;;;;;;;;;;;;;
1809;16/07/2022;6;14;17;29;38;62;79;JUVENTUDE;;;;;;;;;;;;;;;;;
1810;19/07/2022;11;21;27;37;58;64;65;PONTE PRETA;;;;;;;;;;;;;;;;;
1811;21/07/2022;17;22;29;32;44;50;71;VILA NOVA;;;;;;;;;;;;;;;;;
1812;23/07/2022;14;27;45;57;59;65;80;ATLETICO;;;;;;;;;;;;;;;;;
1813;26/07/2022;4;18;30;34;47;56;75;BAHIA;;;;;;;;;;;;;;;;;
1814;28/07/2022;17;18;25;44;63;69;71;CSA;;;;;;;;;;;;;;;;;
1815;30/07/2022;6;12;26;31;36;44;62;FIGUEIRENSE;;;;;;;;;;;;;;;;;
1816;02/08/2022;5;14;18;23;36;66;69;ATLETICO;;;;;;;;;;;;;;;;;
1817;04/08/2022;15;25;27;30;44;53;74;VITORIA;;;;;;;;;;;;;;;;;
1818;06/08/2022;2;13;28;49;50;62;75;FLORESTA;;;;;;;;;;;;;;;;;
1819;09/08/2022;4;9;13;20;41;42;65;MOTO CLUB;;;;;;;;;;;;;;;;;
1820;11/08/2022;6;12;39;42;49;50;65;FORTALEZA;;;;;;;;;;;;;;;;;
1821;13/08/2022;6;8;29;33;49;63;68;ITUANO;;;;;;;;;;;;;;;;;
1822;16/08/2022;2;14;21;32;53;69;72;MIRASSOL;;;;;;;;;;;;;;;;;
1823;18/08/2022;4;23;31;33;43;46;55;CAMPINENSE;;;;;;;;;;;;;;;;;
1824;20/08/2022;8;17;28;35;49;70;71;APARECIDENSE;;;;;;;;;;;;;;;;;
1825;23/08/2022;8;10;37;55;61;77;79;FLUMINENSE;;;;;;;;;;;;;;;;;
1826;25/08/2022;15;16;26;30;32;67;80;SPORT;;;;;;;;;;;;;;;;;
1827;27/08/2022;15;27;30;41;46;49;58;YPIRANGA;;;;;;;;;;;;;;;;;
1828;30/08/2022;4;8;31;36;47;55;80;ATLETICO;;;;;;;;;;;;;;;;;
1829;01/09/2022;24;25;29;37;38;56;73;CAMPINENSE;;;;;;;;;;;;;;;;;
1830;03/09/2022;3;14;52;56;70;73;78;NAUTICO;;;;;;;;;;;;;;;;;
1831;06/09/2022;24;25;30;35;40;45;47;AMERICA;;;;;;;;;;;;;;;;;
1832;08/09/2022;5;14;34;44;55;56;61;FORTALEZA;;;;;;;;;;;;;;;;;
1833;10/09/2022;10;16;20;26;41;42;60;PALMEIRAS;;;;;;;;;;;;;;;;;
1834;13/09/2022;6;20;27;45;51;73;76;LUVERDENSE;;;;;;;;;;;;;;;;;
1835;15/09/2022;2;4;9;30;38;51;65;FERROVIARIO;;;;;;;;;;;;;;;;;
1836;17/09/2022;11;13;18;23;29;43;45;CAXIAS;;;;;;;;;;;;;;;;;
1837;20/09/2022;9;20;27;40;44;48;69;AMERICA;;;;;;;;;;;;;;;;;
1838;22/09/2022;9;14;15;17;27;49;75;FLUMINENSE;;;;;;;;;;;;;;;;;
1839;24/09/2022;13;22;39;63;72;75;80;AMERICA;;;;;;;;;;;;;;;;;
1840;27/09/2022;13;14;27;33;46;49;60;BOTAFOGO;;;;;;;;;;;;;;;;;
1841;29/09/2022;12;19;41;59;60;74;77;ITUANO;;;;;;;;;;;;;;;;;
1842;01/10/2022;6;12;34;41;47;48;73;FLAMENGO;;;;;;;;;;;;;;;;;
1843;04/10/2022;18;23;34;39;41;47;54;MANAUS;;;;;;;;;;;;;;;;;
1844;06/10/2022;23;32;41;53;57;64;68;ITUANO;;;;;;;;;;;;;;;;;
1845;08/10/2022;33;46;48;56;70;76;79;BRASIL;;;;;;;;;;;;;;;;;
1846;11/10/2022;1;16;33;39;53;68;79;ATLETICO;;;;;;;;;;;;;;;;;
1847;13/10/2022;24;34;53;54;61;67;71;APARECIDENSE;;;;;;;;;;;;;;;;;
1848;15/10/2022;11;19;27;29;35;69;76;SAO JOSE;;;;;;;;;;;;;;;;;
1849;18/10/2022;5;14;21;22;37;69;73;ITUANO;;;;;;;;;;;;;;;;;
1850;20/10/2022;10;12;22;40;60;61;73;BAHIA;;;;;;;;;;;;;;;;;
1851;22/10/2022;8;17;24;35;40;47;56;PALMEIRAS;;;;;;;;;;;;;;;;;
1852;25/10/2022;8;16;17;33;36;64;70;ATLETICO;;;;;;;;;;;;;;;;;
1853;27/10/2022;20;24;32;35;52;69;74;BOTAFOGO;;;;;;;;;;;;;;;;;
1854;29/10/2022;5;6;7;24;41;51;55;TREZE;;;;;;;;;;;;;;;;;
1855;01/11/2022;10;20;31;38;42;61;64;FIGUEIRENSE;;;;;;;;;;;;;;;;;
1856;03/11/2022;10;14;26;32;44;53;72;CRUZEIRO;;;;;;;;;;;;;;;;;
1857;05/11/2022;4;20;21;36;55;59;73;BAHIA;;;;;;;;;;;;;;;;;
1858;08/11/2022;15;22;27;29;50;64;77;VASCO DA GAMA;;;;;;;;;;;;;;;;;
1859;10/11/2022;1;21;30;52;55;59;62;LUVERDENSE;;;;;;;;;;;;;;;;;
1860;12/11/2022;36;37;39;44;62;65;74;SAO BENTO;;;;;;;;;;;;;;;;;
1861;17/11/2022;8;20;31;49;62;68;77;CHAPECOENSE;;;;;;;;;;;;;;;;;
1862;19/11/2022;3;20;27;31;43;44;63;FLUMINENSE;;;;;;;;;;;;;;;;;
1863;22/11/2022;18;30;33;41;54;63;75;SAO PAULO;;;;;;;;;;;;;;;;;
1864;24/11/2022;7;41;44;49;53;56;57;VOLTA REDONDA;;;;;;;;;;;;;;;;;
1865;26/11/2022;1;18;20;22;35;36;64;BRASILIENSE;;;;;;;;;;;;;;;;;
1866;29/11/2022;7;35;50;53;59;65;78;MIRASSOL;;;;;;;;;;;;;;;;;
1867;01/12/2022;2;9;15;25;37;69;76;TREZE;;;;;;;;;;;;;;;;;
1868;03/12/2022;6;11;16;28;61;62;72;JUVENTUDE;;;;;;;;;;;;;;;;;
1869;06/12/2022;13;18;33;43;44;72;76;BRASIL;;;;;;;;;;;;;;;;;
1870;08/12/2022;1;5;37;46;51;64;69;SAORAIMUNDO;;;;;;;;;;;;;;;;;
1871;10/12/2022;5;13;20;31;46;51;55;ATLETICO;;;;;;;;;;;;;;;;;
1872;13/12/2022;5;18;19;39;46;56;70;INTERNACIONAL;;;;;;;;;;;;;;;;;
1873;15/12/2022;14;20;30;39;65;71;79;FLUMINENSE;;;;;;;;;;;;;;;;;
1874;17/12/2022;9;11;17;47;55;67;72;VOLTA REDONDA;;;;;;;;;;;;;;;;;
1875;20/12/2022;14;37;39;42;47;51;78;JACUIPENSE;;;;;;;;;;;;;;;;;
1876;22/12/2022;3;10;13;36;40;68;79;BAHIA;;;;;;;;;;;;;;;;;
1877;24/12/2022;6;13;14;36;62;72;74;SAMP CORREA;;;;;;;;;;;;;;;;;
1878;27/12/2022;54;57;60;63;68;74;80;CUIABA;;;;;;;;;;;;;;;;;
1879;29/12/2022;21;23;27;32;40;54;68;GOIAS;;;;;;;;;;;;;;;;;
1880;31/12/2022;11;14;22;35;38;52;64;BOAVISTA;;;;;;;;;;;;;;;;;
1881;03/01/2023;25;27;32;48;51;68;77;CSA;;;;;;;;;;;;;;;;;
1882;05/01/2023;4;7;15;25;40;77;80;SPORT;;;;;;;;;;;;;;;;;
1883;07/01/2023;9;16;25;26;29;46;66;ATLETICO;;;;;;;;;;;;;;;;;
1884;10/01/2023;19;28;30;40;45;55;66;CAXIAS;;;;;;;;;;;;;;;;;
1885;12/01/2023;5;11;21;25;30;47;59;AMERICA;;;;;;;;;;;;;;;;;
1886;14/01/2023;8;39;41;45;52;69;73;MIRASSOL;;;;;;;;;;;;;;;;;
1887;17/01/2023;2;11;20;22;31;74;77;INTERNACIONAL;;;;;;;;;;;;;;;;;
1888;19/01/2023;5;8;41;55;60;62;68;OESTE;;;;;;;;;;;;;;;;;
1889;21/01/2023;7;22;26;47;69;73;79;FLAMENGO;;;;;;;;;;;;;;;;;
1890;24/01/2023;5;36;51;57;62;76;77;ATLETICO;;;;;;;;;;;;;;;;;
1891;26/01/2023;2;6;16;27;47;51;79;CRICIUMA;;;;;;;;;;;;;;;;;
1892;28/01/2023;19;35;38;62;65;69;77;BOTAFOGO;;;;;;;;;;;;;;;;;
1893;31/01/2023;3;32;43;52;56;60;71;CIANORTE;;;;;;;;;;;;;;;;;
1894;02/02/2023;19;20;29;33;55;66;73;BAHIA;;;;;;;;;;;;;;;;;
1895;04/02/2023;41;42;43;44;50;62;77;PARANA;;;;;;;;;;;;;;;;;
1896;07/02/2023;5;30;31;40;55;63;65;ATLETICO;;;;;;;;;;;;;;;;;
1897;09/02/2023;13;18;20;27;28;67;78;AMERICA;;;;;;;;;;;;;;;;;
1898;11/02/2023;3;20;40;43;46;52;79;SPORT;;;;;;;;;;;;;;;;;
1899;14/02/2023;10;11;12;40;53;57;78;SANTOS;;;;;;;;;;;;;;;;;
1900;16/02/2023;6;12;15;16;17;32;64;SPORT;;;;;;;;;;;;;;;;;
1901;18/02/2023;4;15;29;46;56;68;74;OESTE;;;;;;;;;;;;;;;;;
1902;23/02/2023;7;9;19;30;50;56;71;ALTOS;;;;;;;;;;;;;;;;;
1903;25/02/2023;22;28;36;54;58;73;80;OPERARIO;;;;;;;;;;;;;;;;;
1904;28/02/2023;3;5;17;23;31;44;68;CHAPECOENSE;;;;;;;;;;;;;;;;;
1905;02/03/2023;3;16;28;31;35;42;49;ATLETICO;;;;;;;;;;;;;;;;;
1906;04/03/2023;5;17;32;39;45;62;66;CRB;;;;;;;;;;;;;;;;;
1907;07/03/2023;11;18;30;46;62;64;78;PAYSANDU;;;;;;;;;;;;;;;;;
1908;09/03/2023;12;18;20;43;55;58;78;ATLETICO;;;;;;;;;;;;;;;;;
1909;11/03/2023;5;9;30;56;63;67;75;LONDRINA;;;;;;;;;;;;;;;;;
1910;14/03/2023;1;13;17;34;35;40;43;GREMIO;;;;;;;;;;;;;;;;;
1911;16/03/2023;11;12;14;40;61;76;77;GOIAS;;;;;;;;;;;;;;;;;
1912;18/03/2023;1;20;25;52;62;71;74;PONTE PRETA;;;;;;;;;;;;;;;;;
1913;21/03/2023;3;22;32;46;62;67;70;SAMP CORREA;;;;;;;;;;;;;;;;;
1914;23/03/2023;4;7;15;16;19;26;57;FERROVIARIA;;;;;;;;;;;;;;;;;
1915;25/03/2023;7;27;44;47;66;67;71;FIGUEIRENSE;;;;;;;;;;;;;;;;;
1916;28/03/2023;1;11;15;41;44;48;73;FERROVIARIO;;;;;;;;;;;;;;;;;
1917;30/03/2023;15;21;40;43;47;57;60;GUARANI;;;;;;;;;;;;;;;;;
1918;01/04/2023;12;24;29;30;39;41;78;CORITIBA;;;;;;;;;;;;;;;;;
1919;04/04/2023;2;10;18;27;31;66;76;BRASILIENSE;;;;;;;;;;;;;;;;;
1920;06/04/2023;8;13;20;29;34;62;63;CRUZEIRO;;;;;;;;;;;;;;;;;
1921;08/04/2023;7;28;48;56;64;71;80;JACUIPENSE;;;;;;;;;;;;;;;;;
1922;11/04/2023;11;22;25;27;49;65;73;MOTO CLUB;;;;;;;;;;;;;;;;;
1923;13/04/2023;2;4;11;16;35;47;60;ATLETICO;;;;;;;;;;;;;;;;;
1924;15/04/2023;3;8;10;26;35;41;58;MANAUS;;;;;;;;;;;;;;;;;
1925;18/04/2023;12;13;47;49;54;68;77;OESTE;;;;;;;;;;;;;;;;;
1926;20/04/2023;11;22;33;46;52;57;60;BOAVISTA;;;;;;;;;;;;;;;;;
1927;22/04/2023;13;27;43;51;63;75;78;PONTE PRETA;;;;;;;;;;;;;;;;;
1928;25/04/2023;4;25;27;39;48;61;78;SANTOS;;;;;;;;;;;;;;;;;
1929;27/04/2023;6;29;33;49;69;79;80;ALTOS;;;;;;;;;;;;;;;;;
1930;29/04/2023;6;29;46;63;64;72;77;SPORT;;;;;;;;;;;;;;;;;
1931;02/05/2023;6;21;38;41;42;44;45;BAHIA;;;;;;;;;;;;;;;;;
1932;04/05/2023;1;45;54;57;60;63;78;CORINTHIANS;;;;;;;;;;;;;;;;;
1933;06/05/2023;11;31;47;50;58;67;70;SPORT;;;;;;;;;;;;;;;;;
1934;09/05/2023;2;5;24;32;33;43;57;NOVORIZONTINO;;;;;;;;;;;;;;;;;
1935;11/05/2023;7;11;13;33;38;72;76;ATLETICO;;;;;;;;;;;;;;;;;
1936;13/05/2023;14;34;45;55;59;66;70;AVAI;;;;;;;;;;;;;;;;;
1937;16/05/2023;11;20;24;31;44;62;80;JUAZEIRENSE;;;;;;;;;;;;;;;;;
1938;18/05/2023;22;34;35;43;44;54;60;ALTOS;;;;;;;;;;;;;;;;;
1939;20/05/2023;2;6;13;27;33;41;45;BOAVISTA;;;;;;;;;;;;;;;;;
1940;23/05/2023;5;11;28;39;51;55;56;ATHLETICO;;;;;;;;;;;;;;;;;
1941;25/05/2023;15;18;37;39;41;56;74;BOTAFOGO;;;;;;;;;;;;;;;;;
1942;27/05/2023;24;28;39;48;62;64;65;ATLETICO;;;;;;;;;;;;;;;;;
1943;30/05/2023;15;20;33;46;54;55;61;LUVERDENSE;;;;;;;;;;;;;;;;;
1944;01/06/2023;26;31;45;48;55;58;61;FERROVIARIO;;;;;;;;;;;;;;;;;
1945;03/06/2023;9;14;22;34;35;56;60;APARECIDENSE;;;;;;;;;;;;;;;;;
1946;06/06/2023;2;14;21;29;54;58;79;CEARA;;;;;;;;;;;;;;;;;
1947;09/06/2023;5;19;25;45;49;50;74;SAO BENTO;;;;;;;;;;;;;;;;;
1948;10/06/2023;8;14;53;55;57;62;64;ATLETICO;;;;;;;;;;;;;;;;;
1949;13/06/2023;10;39;41;46;61;68;80;CRB;;;;;;;;;;;;;;;;;
1950;15/06/2023;9;15;25;39;44;51;67;OESTE;;;;;;;;;;;;;;;;;
1951;17/06/2023;15;25;31;37;43;58;80;CEARA;;;;;;;;;;;;;;;;;
1952;20/06/2023;7;9;15;21;43;61;79;GREMIO;;;;;;;;;;;;;;;;;
1953;22/06/2023;5;7;18;35;38;65;80;AMERICA;;;;;;;;;;;;;;;;;
1954;24/06/2023;16;24;30;37;44;52;53;JACUIPENSE;;;;;;;;;;;;;;;;;
1955;27/06/2023;1;12;17;18;57;59;77;BOTAFOGO;;;;;;;;;;;;;;;;;
1956;29/06/2023;22;28;33;37;48;52;63;BOTAFOGO;;;;;;;;;;;;;;;;;
1957;01/07/2023;5;15;40;50;64;73;79;GOIAS;;;;;;;;;;;;;;;;;
1958;04/07/2023;8;13;14;29;35;49;59;SAORAIMUNDO;;;;;;;;;;;;;;;;;
1959;06/07/2023;17;45;50;61;65;72;78;VASCO DA GAMA;;;;;;;;;;;;;;;;;
1960;08/07/2023;7;19;27;36;56;74;77;OESTE;;;;;;;;;;;;;;;;;
1961;11/07/2023;11;20;26;27;71;74;78;CAMPINENSE;;;;;;;;;;;;;;;;;
1962;13/07/2023;10;12;40;49;51;53;66;OPERARIO;;;;;;;;;;;;;;;;;
1963;15/07/2023;3;24;49;54;56;57;58;PAYSANDU;;;;;;;;;;;;;;;;;
1964;18/07/2023;9;23;34;48;56;69;71;FLORESTA;;;;;;;;;;;;;;;;;
1965;20/07/2023;1;14;26;29;51;66;71;INTERNACIONAL;;;;;;;;;;;;;;;;;
1966;22/07/2023;5;11;35;41;44;51;53;GOIAS;;;;;;;;;;;;;;;;;
1967;25/07/2023;10;33;48;60;63;75;79;ATLETICO;;;;;;;;;;;;;;;;;
1968;27/07/2023;4;26;47;48;49;68;76;CRUZEIRO;;;;;;;;;;;;;;;;;
1969;29/07/2023;11;18;45;49;66;70;78;GOIAS;;;;;;;;;;;;;;;;;
1970;01/08/2023;1;13;36;57;58;60;80;BOTAFOGO;;;;;;;;;;;;;;;;;
1971;03/08/2023;3;7;50;57;59;72;77;OPERARIO;;;;;;;;;;;;;;;;;
1972;05/08/2023;13;31;34;44;47;68;75;SAO BENTO;;;;;;;;;;;;;;;;;
1973;08/08/2023;25;28;32;43;52;65;70;PAYSANDU;;;;;;;;;;;;;;;;;
1974;10/08/2023;6;33;35;50;51;52;58;VILA NOVA;;;;;;;;;;;;;;;;;
1975;12/08/2023;9;19;20;30;38;61;64;IMPERATRIZ;;;;;;;;;;;;;;;;;
1976;15/08/2023;9;18;40;55;65;68;69;CUIABA;;;;;;;;;;;;;;;;;
1977;17/08/2023;24;31;34;39;44;59;78;PARANA;;;;;;;;;;;;;;;;;
1978;19/08/2023;23;27;38;39;44;53;74;BOA ESPORTE;;;;;;;;;;;;;;;;;
1979;22/08/2023;12;18;23;29;54;61;73;BRAGANTINO;;;;;;;;;;;;;;;;;
1980;24/08/2023;21;22;24;44;47;51;74;PALMEIRAS;;;;;;;;;;;;;;;;;
1981;26/08/2023;12;24;29;31;35;41;61;LONDRINA;;;;;;;;;;;;;;;;;
1982;29/08/2023;8;14;21;22;29;39;78;BOTAFOGO;;;;;;;;;;;;;;;;;
1983;31/08/2023;10;16;38;57;62;64;73;CUIABA;;;;;;;;;;;;;;;;;
1984;02/09/2023;1;3;14;24;32;41;79;APARECIDENSE;;;;;;;;;;;;;;;;;
1985;05/09/2023;15;24;28;30;60;63;71;ALTOS;;;;;;;;;;;;;;;;;
1986;08/09/2023;10;24;30;31;63;76;78;APARECIDENSE;;;;;;;;;;;;;;;;;
1987;09/09/2023;3;23;29;45;50;54;61;CRUZEIRO;;;;;;;;;;;;;;;;;
1988;12/09/2023;21;22;34;48;59;70;78;JUAZEIRENSE;;;;;;;;;;;;;;;;;
1989;14/09/2023;6;14;19;20;35;37;55;VITORIA;;;;;;;;;;;;;;;;;
1990;16/09/2023;1;17;23;31;32;41;46;CORINTHIANS;;;;;;;;;;;;;;;;;
1991;19/09/2023;8;37;38;39;61;70;72;NAUTICO;;;;;;;;;;;;;;;;;
1992;21/09/2023;10;14;24;34;45;62;77;BRASILIENSE;;;;;;;;;;;;;;;;;
1993;23/09/2023;9;16;18;64;65;68;74;FLAMENGO;;;;;;;;;;;;;;;;;
1994;26/09/2023;23;24;28;59;61;69;72;BRAGANTINO;;;;;;;;;;;;;;;;;
1995;28/09/2023;6;27;33;55;57;60;69;LUVERDENSE;;;;;;;;;;;;;;;;;
1996;30/09/2023;23;24;35;45;47;63;78;SAO PAULO;;;;;;;;;;;;;;;;;
1997;03/10/2023;13;24;29;30;32;48;62;PALMEIRAS;;;;;;;;;;;;;;;;;
1998;05/10/2023;5;6;11;13;17;54;76;ITUANO;;;;;;;;;;;;;;;;;
1999;07/10/2023;30;31;38;39;55;70;72;FERROVIARIA;;;;;;;;;;;;;;;;;
2000;10/10/2023;2;5;8;41;58;66;70;FLORESTA;;;;;;;;;;;;;;;;;
2001;13/10/2023;31;32;52;60;63;71;72;AMERICA;;;;;;;;;;;;;;;;;
2002;14/10/2023;33;42;48;52;72;74;79;APARECIDENSE;;;;;;;;;;;;;;;;;
2003;17/10/2023;12;20;35;37;41;58;78;GUARANI;;;;;;;;;;;;;;;;;
2004;19/10/2023;18;34;37;40;53;60;66;ATHLETICO;;;;;;;;;;;;;;;;;
2005;21/10/2023;11;13;16;25;28;57;78;BOAVISTA;;;;;;;;;;;;;;;;;
2006;24/10/2023;9;14;17;20;33;45;64;TREZE;;;;;;;;;;;;;;;;;
2007;26/10/2023;10;19;36;38;55;62;63;SANTOS;;;;;;;;;;;;;;;;;
2008;28/10/2023;28;30;31;33;49;59;64;NAUTICO;;;;;;;;;;;;;;;;;
2009;31/10/2023;5;6;50;54;60;65;68;FERROVIARIA;;;;;;;;;;;;;;;;;
2010;03/11/2023;13;15;21;41;70;73;78;SAMP CORREA;;;;;;;;;;;;;;;;;
2011;04/11/2023;11;33;40;42;45;54;57;FLUMINENSE;;;;;;;;;;;;;;;;;
2012;07/11/2023;17;38;45;47;49;65;80;BRASIL DE PELOTAS;;;;;;;;;;;;;;;;;
2013;09/11/2023;1;8;11;30;35;65;80;FLORESTA;;;;;;;;;;;;;;;;;
2014;11/11/2023;5;22;32;36;51;62;72;SPORT;;;;;;;;;;;;;;;;;
2015;14/11/2023;1;6;14;45;50;74;78;FIGUEIRENSE;;;;;;;;;;;;;;;;;
2016;16/11/2023;3;26;41;49;51;57;61;OESTE;;;;;;;;;;;;;;;;;
2017;18/11/2023;2;4;10;29;40;54;63;CIANORTE;;;;;;;;;;;;;;;;;
2018;21/11/2023;20;33;36;37;45;50;78;OPERARIO;;;;;;;;;;;;;;;;;
2019;23/11/2023;30;34;41;63;66;71;75;SAO PAULO;;;;;;;;;;;;;;;;;
2020;25/11/2023;21;26;41;61;69;78;80;CAXIAS;;;;;;;;;;;;;;;;;
2021;28/11/2023;1;2;16;23;49;61;78;JUAZEIRENSE;;;;;;;;;;;;;;;;;
2022;30/11/2023;40;42;43;44;57;58;70;PARANA;;;;;;;;;;;;;;;;;
2023;02/12/2023;4;43;44;58;66;67;74;MANAUS;;;;;;;;;;;;;;;;;
2024;05/12/2023;27;31;37;40;47;51;69;MOTO CLUB;;;;;;;;;;;;;;;;;
2025;07/12/2023;3;26;48;51;55;64;74;INTERNACIONAL;;;;;;;;;;;;;;;;;
2026;09/12/2023;11;24;39;41;45;49;67;SAORAIMUNDO;;;;;;;;;;;;;;;;;
2027;12/12/2023;14;29;45;51;65;69;70;GUARANI;;;;;;;;;;;;;;;;;
2028;14/12/2023;6;12;54;63;64;69;78;FLORESTA;;;;;;;;;;;;;;;;;
2029;16/12/2023;28;47;52;53;64;65;68;CAXIAS;;;;;;;;;;;;;;;;;
2030;19/12/2023;5;6;20;26;28;53;59;FLORESTA;;;;;;;;;;;;;;;;;
2031;21/12/2023;4;6;22;29;42;51;65;BOTAFOGO;;;;;;;;;;;;;;;;;
2032;23/12/2023;1;5;13;16;17;42;43;CUIABA;;;;;;;;;;;;;;;;;
2033;26/12/2023;2;9;28;48;52;55;60;BOAVISTA;;;;;;;;;;;;;;;;;
2034;28/12/2023;1;20;39;46;55;74;75;SAO JOSE;;;;;;;;;;;;;;;;;
2035;30/12/2023;1;4;12;50;57;62;80;PALMEIRAS;;;;;;;;;;;;;;;;;
2036;02/01/2024;13;15;23;33;49;72;74;MIRASSOL;;;;;;;;;;;;;;;;;
2037;04/01/2024;8;13;25;26;54;61;68;LONDRINA;;;;;;;;;;;;;;;;;
2038;06/01/2024;5;9;23;34;40;48;55;AMERICA;;;;;;;;;;;;;;;;;
2039;09/01/2024;9;22;49;51;58;64;80;TOMBENSE;;;;;;;;;;;;;;;;;
2040;11/01/2024;19;20;34;35;41;49;56;ATLETICO;;;;;;;;;;;;;;;;;
2041;13/01/2024;33;42;45;49;62;65;78;IMPERATRIZ;;;;;;;;;;;;;;;;;
2042;16/01/2024;8;16;21;39;50;56;57;BOTAFOGO;;;;;;;;;;;;;;;;;
2043;18/01/2024;14;21;22;43;48;56;78;SAO PAULO;;;;;;;;;;;;;;;;;
2044;20/01/2024;16;26;30;33;41;43;54;CRICIUMA;;;;;;;;;;;;;;;;;
2045;23/01/2024;25;37;39;51;53;67;76;ATHLETICO;;;;;;;;;;;;;;;;;
2046;25/01/2024;3;23;42;43;48;65;72;APARECIDENSE;;;;;;;;;;;;;;;;;
2047;27/01/2024;8;19;22;35;48;50;66;ATLETICO;;;;;;;;;;;;;;;;;
2048;30/01/2024;20;25;35;40;50;55;66;VOLTA REDONDA;;;;;;;;;;;;;;;;;
2049;01/02/2024;5;7;10;47;55;68;80;FIGUEIRENSE;;;;;;;;;;;;;;;;;
2050;03/02/2024;7;43;44;49;62;66;74;SAO BENTO;;;;;;;;;;;;;;;;;
2051;06/02/2024;3;15;16;34;42;53;78;BOTAFOGO;;;;;;;;;;;;;;;;;
2052;08/02/2024;19;21;40;42;60;63;68;BRASILIENSE;;;;;;;;;;;;;;;;;
2053;10/02/2024;19;20;29;34;38;47;62;CORINTHIANS;;;;;;;;;;;;;;;;;
2054;15/02/2024;3;24;29;41;62;64;79;FLUMINENSE;;;;;;;;;;;;;;;;;
2055;17/02/2024;1;7;11;31;67;74;79;SANTOS;;;;;;;;;;;;;;;;;
2056;20/02/2024;15;19;22;25;46;49;53;IMPERATRIZ;;;;;;;;;;;;;;;;;
2057;22/02/2024;8;18;32;45;47;51;62;BAHIA;;;;;;;;;;;;;;;;;
2058;24/02/2024;3;6;21;41;50;52;63;BOAVISTA;;;;;;;;;;;;;;;;;
2059;27/02/2024;4;28;41;48;51;57;67;BRASILIENSE;;;;;;;;;;;;;;;;;
2060;29/02/2024;2;8;18;56;65;72;74;SAO JOSE;;;;;;;;;;;;;;;;;
2061;02/03/2024;15;17;22;45;47;62;73;GUARANI;;;;;;;;;;;;;;;;;
2062;05/03/2024;20;26;27;37;49;56;63;JACUIPENSE;;;;;;;;;;;;;;;;;
2063;07/03/2024;11;14;17;39;46;53;63;SANTOS;;;;;;;;;;;;;;;;;
2064;09/03/2024;15;19;36;37;49;54;79;BOA ESPORTE;;;;;;;;;;;;;;;;;
2065;12/03/2024;5;15;18;20;64;73;77;ATLETICO;;;;;;;;;;;;;;;;;
2066;14/03/2024;1;43;53;62;72;74;80;SANTOS;;;;;;;;;;;;;;;;;
2067;16/03/2024;15;16;18;23;35;60;80;FLAMENGO;;;;;;;;;;;;;;;;;
2068;19/03/2024;5;11;36;50;58;64;73;BRASIL DE PELOTAS;;;;;;;;;;;;;;;;;
2069;21/03/2024;5;8;13;36;39;43;61;ATLETICO;;;;;;;;;;;;;;;;;
2070;23/03/2024;14;16;35;47;67;73;74;BRAGANTINO;;;;;;;;;;;;;;;;;
2071;26/03/2024;9;17;27;35;49;71;72;INTERNACIONAL;;;;;;;;;;;;;;;;;
2072;28/03/2024;17;36;43;48;61;64;76;BOTAFOGO;;;;;;;;;;;;;;;;;
2073;30/03/2024;7;15;17;21;30;74;80;ABC;;;;;;;;;;;;;;;;;
2074;02/04/2024;2;22;43;56;65;76;77;ALTOS;;;;;;;;;;;;;;;;;
2075;04/04/2024;3;10;13;28;37;59;70;BRAGANTINO;;;;;;;;;;;;;;;;;
2076;06/04/2024;11;23;25;35;56;60;79;BOTAFOGO;;;;;;;;;;;;;;;;;
2077;09/04/2024;11;39;52;60;67;69;80;OESTE;;;;;;;;;;;;;;;;;
2078;11/04/2024;6;23;27;73;76;77;79;ATHLETICO;;;;;;;;;;;;;;;;;
2079;13/04/2024;5;12;14;23;31;42;61;GOIAS;;;;;;;;;;;;;;;;;
2080;16/04/2024;1;3;25;26;27;54;77;NOVORIZONTINO;;;;;;;;;;;;;;;;;
2081;18/04/2024;14;20;24;27;55;66;78;SANTA CRUZ;;;;;;;;;;;;;;;;;
2082;20/04/2024;1;22;25;26;53;59;60;BAHIA;;;;;;;;;;;;;;;;;
2083;23/04/2024;35;40;43;53;60;68;77;CRUZEIRO;;;;;;;;;;;;;;;;;
2084;25/04/2024;2;30;50;52;55;59;78;ATLETICO;;;;;;;;;;;;;;;;;
2085;27/04/2024;16;21;23;39;57;65;78;GUARANI;;;;;;;;;;;;;;;;;
2086;30/04/2024;6;8;14;21;25;38;59;FLAMENGO;;;;;;;;;;;;;;;;;
2087;02/05/2024;4;11;20;24;39;43;77;NOVORIZONTINO;;;;;;;;;;;;;;;;;
2088;04/05/2024;33;34;43;46;56;59;63;TOCANTINOPOLIS;;;;;;;;;;;;;;;;;
2089;07/05/2024;4;6;17;18;49;76;77;PARANA;;;;;;;;;;;;;;;;;
2090;09/05/2024;2;7;18;32;38;42;66;TOCANTINOPOLIS;;;;;;;;;;;;;;;;;
2091;11/05/2024;1;5;12;17;33;35;54;FLORESTA;;;;;;;;;;;;;;;;;
2092;14/05/2024;4;10;22;23;56;66;77;ALTOS;;;;;;;;;;;;;;;;;
2093;16/05/2024;1;8;16;24;46;70;71;MIRASSOL;;;;;;;;;;;;;;;;;
2094;18/05/2024;20;29;32;42;62;71;77;BOTAFOGO;;;;;;;;;;;;;;;;;
2095;21/05/2024;3;21;30;35;45;64;75;BOTAFOGO;;;;;;;;;;;;;;;;;
2096;23/05/2024;14;16;18;42;44;73;76;GUARANI;;;;;;;;;;;;;;;;;
2097;25/05/2024;4;16;23;36;59;63;67;FLORESTA;;;;;;;;;;;;;;;;;
2098;28/05/2024;10;26;28;31;40;44;72;CUIABA;;;;;;;;;;;;;;;;;
2099;01/06/2024;8;16;19;38;70;79;80;PORTUGUESA;;;;;;;;;;;;;;;;;
2100;04/06/2024;16;17;43;55;65;70;75;CSA;;;;;;;;;;;;;;;;;
2101;06/06/2024;12;38;39;46;58;62;64;BAHIA;;;;;;;;;;;;;;;;;
2102;08/06/2024;1;24;40;42;55;75;79;LONDRINA;;;;;;;;;;;;;;;;;
2103;11/06/2024;13;15;21;45;55;59;73;MANAUS;;;;;;;;;;;;;;;;;
2104;13/06/2024;23;35;38;50;59;64;78;CASCAVEL;;;;;;;;;;;;;;;;;
2105;15/06/2024;15;19;25;26;38;40;48;GREMIO;;;;;;;;;;;;;;;;;
2106;18/06/2024;17;29;31;43;56;68;79;CAXIAS;;;;;;;;;;;;;;;;;
2107;20/06/2024;10;20;28;37;41;66;74;PALMEIRAS;;;;;;;;;;;;;;;;;
2108;22/06/2024;5;32;33;40;53;56;66;OESTE;;;;;;;;;;;;;;;;;
2109;25/06/2024;16;34;40;43;47;67;70;SAORAIMUNDO;;;;;;;;;;;;;;;;;
2110;27/06/2024;6;8;13;23;24;61;70;BAHIA;;;;;;;;;;;;;;;;;
2111;29/06/2024;2;30;31;33;42;43;50;MANAUS;;;;;;;;;;;;;;;;;
2112;02/07/2024;10;41;66;67;69;77;79;JUVENTUDE;;;;;;;;;;;;;;;;;
2113;04/07/2024;15;20;31;32;43;76;78;SAMP CORREA;;;;;;;;;;;;;;;;;
2114;06/07/2024;3;19;25;43;58;72;80;NOVORIZONTINO;;;;;;;;;;;;;;;;;
2115;09/07/2024;8;13;20;47;53;58;64;CEILANDIA ESPORTE;;;;;;;;;;;;;;;;;
2116;11/07/2024;11;16;22;33;38;62;67;ATHLETICO;;;;;;;;;;;;;;;;;
2117;13/07/2024;2;11;20;38;50;63;76;VASCO DA GAMA;;;;;;;;;;;;;;;;;
2118;16/07/2024;7;10;13;23;40;62;65;CORITIBA;;;;;;;;;;;;;;;;;
2119;18/07/2024;1;26;49;56;63;67;69;ATLETICO;;;;;;;;;;;;;;;;;
2120;20/07/2024;31;33;45;47;61;76;78;POUSO ALEGRE;;;;;;;;;;;;;;;;;
2121;23/07/2024;21;23;37;57;61;67;76;VITORIA;;;;;;;;;;;;;;;;;
2122;25/07/2024;7;11;15;28;43;44;62;CONFIANCA;;;;;;;;;;;;;;;;;
2123;27/07/2024;6;18;39;55;70;77;79;CUIABA;;;;;;;;;;;;;;;;;
2124;30/07/2024;22;23;41;59;69;72;77;GUARANI;;;;;;;;;;;;;;;;;
2125;01/08/2024;14;29;39;50;59;63;68;ATLETICO;;;;;;;;;;;;;;;;;
2126;03/08/2024;4;12;18;35;40;53;61;CAMPINENSE;;;;;;;;;;;;;;;;;
2127;06/08/2024;1;6;11;32;39;46;74;ITUANO;;;;;;;;;;;;;;;;;
2128;08/08/2024;20;28;33;39;40;62;65;AVAI;;;;;;;;;;;;;;;;;
2129;10/08/2024;21;24;29;45;48;50;68;PONTE PRETA;;;;;;;;;;;;;;;;;
2130;13/08/2024;26;29;49;50;54;69;80;ATHLETIC CLUB;;;;;;;;;;;;;;;;;
2131;15/08/2024;3;8;11;16;19;20;22;GOIAS;;;;;;;;;;;;;;;;;
2132;17/08/2024;21;48;50;63;65;70;74;BOTAFOGO;;;;;;;;;;;;;;;;;
2133;20/08/2024;11;15;16;38;58;69;80;GOIAS;;;;;;;;;;;;;;;;;
2134;22/08/2024;2;7;8;20;24;28;80;SAO JOSE;;;;;;;;;;;;;;;;;
2135;24/08/2024;3;21;27;37;60;72;73;JUVENTUDE;;;;;;;;;;;;;;;;;
2136;27/08/2024;7;18;27;50;53;71;72;FIGUEIRENSE;;;;;;;;;;;;;;;;;
2137;29/08/2024;6;30;33;48;55;68;76;CSA;;;;;;;;;;;;;;;;;
2138;31/08/2024;1;22;34;52;55;64;77;PARANA;;;;;;;;;;;;;;;;;
2139;03/09/2024;12;15;22;25;27;32;75;NAUTICO;;;;;;;;;;;;;;;;;
2140;05/09/2024;12;23;24;48;53;54;60;CRUZEIRO;;;;;;;;;;;;;;;;;
2141;10/09/2024;2;14;20;35;36;46;79;SANTOS;;;;;;;;;;;;;;;;;
2142;12/09/2024;6;16;20;30;45;54;68;SANTA CRUZ;;;;;;;;;;;;;;;;;
2143;14/09/2024;3;23;34;68;74;75;80;SAO PAULO;;;;;;;;;;;;;;;;;
2144;17/09/2024;13;18;21;26;44;53;60;SAO JOSE;;;;;;;;;;;;;;;;;
2145;19/09/2024;13;19;28;41;55;57;71;SAORAIMUNDO;;;;;;;;;;;;;;;;;
2146;21/09/2024;3;10;35;55;57;62;72;JACUIPENSE;;;;;;;;;;;;;;;;;
2147;24/09/2024;2;7;11;17;45;47;55;FIGUEIRENSE;;;;;;;;;;;;;;;;;
2148;26/09/2024;1;17;23;55;66;71;80;APARECIDENSE;;;;;;;;;;;;;;;;;
2149;28/09/2024;3;9;24;25;44;78;79;AMERICA;;;;;;;;;;;;;;;;;
2150;01/10/2024;8;9;21;61;62;64;76;AMERICA;;;;;;;;;;;;;;;;;
2151;03/10/2024;11;14;15;23;26;37;70;NAUTICO;;;;;;;;;;;;;;;;;
2152;05/10/2024;10;21;24;25;42;70;79;BOTAFOGO;;;;;;;;;;;;;;;;;
2153;08/10/2024;7;26;47;48;54;62;63;BOTAFOGO;;;;;;;;;;;;;;;;;
2154;10/10/2024;1;3;13;24;63;65;69;MIRASSOL;;;;;;;;;;;;;;;;;
2155;15/10/2024;26;27;30;40;63;75;80;MIRASSOL;;;;;;;;;;;;;;;;;
2156;17/10/2024;1;15;21;47;59;64;66;TOMBENSE;;;;;;;;;;;;;;;;;
2157;19/10/2024;21;27;30;40;42;51;56;ATLETICO;;;;;;;;;;;;;;;;;
2158;22/10/2024;1;17;22;51;54;57;74;CEARA;;;;;;;;;;;;;;;;;
2159;24/10/2024;1;10;15;17;22;61;73;SAO JOSE;;;;;;;;;;;;;;;;;
2160;26/10/2024;6;9;22;46;59;68;78;GUARANI;;;;;;;;;;;;;;;;;
2161;29/10/2024;2;19;44;58;67;73;79;SAO PAULO;;;;;;;;;;;;;;;;;
2162;31/10/2024;6;8;14;24;51;60;63;GOIAS;;;;;;;;;;;;;;;;;
2163;05/11/2024;29;39;44;57;59;65;70;CONFIANCA;;;;;;;;;;;;;;;;;
2164;07/11/2024;16;24;48;61;69;71;79;FLORESTA;;;;;;;;;;;;;;;;;
2165;09/11/2024;4;15;19;44;53;65;75;ATHLETICO;;;;;;;;;;;;;;;;;
2166;12/11/2024;3;21;33;44;56;61;65;ATHLETIC CLUB;;;;;;;;;;;;;;;;;
2167;14/11/2024;9;10;12;28;55;57;69;SAO PAULO;;;;;;;;;;;;;;;;;
2168;16/11/2024;4;15;17;36;49;68;80;CASCAVEL;;;;;;;;;;;;;;;;;
2169;19/11/2024;14;16;31;33;38;43;58;FERROVIARIO;;;;;;;;;;;;;;;;;
2170;21/11/2024;12;21;28;33;36;38;54;MANAUS;;;;;;;;;;;;;;;;;
2171;23/11/2024;4;17;21;23;42;60;72;ATHLETICO;;;;;;;;;;;;;;;;;
2172;26/11/2024;9;13;15;34;65;66;78;ATLETICO;;;;;;;;;;;;;;;;;
2173;28/11/2024;4;8;15;42;45;48;79;AMERICA;;;;;;;;;;;;;;;;;
2174;30/11/2024;10;24;52;58;66;69;76;SAO PAULO;;;;;;;;;;;;;;;;;
2175;03/12/2024;4;10;21;49;56;59;71;CASCAVEL;;;;;;;;;;;;;;;;;
2176;05/12/2024;5;9;31;41;49;57;59;OPERARIO;;;;;;;;;;;;;;;;;
2177;07/12/2024;5;12;14;35;64;68;76;ATHLETIC CLUB;;;;;;;;;;;;;;;;;
2178;10/12/2024;7;13;15;17;48;57;64;ABC;;;;;;;;;;;;;;;;;
2179;12/12/2024;11;15;20;23;50;68;74;BRASILIENSE;;;;;;;;;;;;;;;;;
2180;14/12/2024;2;7;13;14;21;27;68;CASCAVEL;;;;;;;;;;;;;;;;;
2181;17/12/2024;8;27;30;35;36;43;65;TOCANTINOPOLIS;;;;;;;;;;;;;;;;;
2182;19/12/2024;4;13;15;40;46;70;75;CASCAVEL;;;;;;;;;;;;;;;;;
2183;21/12/2024;6;16;27;28;36;55;63;CASCAVEL;;;;;;;;;;;;;;;;;
2184;24/12/2024;11;13;17;26;38;48;58;TOCANTINOPOLIS;;;;;;;;;;;;;;;;;
2185;26/12/2024;7;12;13;26;31;67;78;CASCAVEL;;;;;;;;;;;;;;;;;
2186;28/12/2024;28;35;43;48;57;59;67;JACUIPENSE;;;;;;;;;;;;;;;;;
2187;31/12/2024;8;11;15;30;32;33;52;BOTAFOGO;;;;;;;;;;;;;;;;;
2188;02/01/2025;8;16;34;55;60;72;80;APARECIDENSE;;;;;;;;;;;;;;;;;
2189;04/01/2025;21;28;29;33;51;53;64;LONDRINA;;;;;;;;;;;;;;;;;
2190;07/01/2025;39;50;51;56;57;63;75;MANAUS;;;;;;;;;;;;;;;;;
2191;09/01/2025;21;25;26;44;53;54;72;PARANA;;;;;;;;;;;;;;;;;
2192;11/01/2025;8;9;51;57;70;76;77;SPORT;;;;;;;;;;;;;;;;;
2193;14/01/2025;2;11;13;19;25;39;56;GUARANI;;;;;;;;;;;;;;;;;
2194;16/01/2025;27;37;44;47;51;68;75;PORTUGUESA;;;;;;;;;;;;;;;;;
2195;18/01/2025;14;19;39;40;46;72;73;AMERICA;;;;;;;;;;;;;;;;;
2196;21/01/2025;11;17;19;56;58;69;80;BOTAFOGO;;;;;;;;;;;;;;;;;
2197;23/01/2025;11;20;58;59;61;62;66;PORTUGUESA;;;;;;;;;;;;;;;;;
2198;25/01/2025;3;9;14;33;56;66;68;CUIABA;;;;;;;;;;;;;;;;;
2199;28/01/2025;12;18;20;26;35;37;50;CRB;;;;;;;;;;;;;;;;;
2200;30/01/2025;20;44;52;56;64;66;79;FERROVIARIA;;;;;;;;;;;;;;;;;
2201;01/02/2025;8;36;41;42;46;71;75;GREMIO;;;;;;;;;;;;;;;;;
2202;04/02/2025;9;19;25;38;40;47;48;CRB;;;;;;;;;;;;;;;;;
2203;06/02/2025;9;33;35;38;61;68;80;CORINTHIANS;;;;;;;;;;;;;;;;;
2204;08/02/2025;32;37;45;51;60;62;71;APARECIDENSE;;;;;;;;;;;;;;;;;
2205;11/02/2025;10;16;19;32;54;66;74;AMERICA;;;;;;;;;;;;;;;;;
2206;13/02/2025;22;32;48;53;54;66;76;GUARANI;;;;;;;;;;;;;;;;;
2207;15/02/2025;2;10;11;24;65;67;76;BRASIL DE PELOTAS;;;;;;;;;;;;;;;;;
2208;18/02/2025;8;20;21;29;48;62;70;BAHIA;;;;;;;;;;;;;;;;;
2209;20/02/2025;4;8;18;21;61;62;67;PORTUGUESA;;;;;;;;;;;;;;;;;
2210;22/02/2025;2;24;30;44;45;56;72;CEILANDIA ESPORTE;;;;;;;;;;;;;;;;;
2211;25/02/2025;6;7;18;28;36;66;73;JACUIPENSE;;;;;;;;;;;;;;;;;
2212;27/02/2025;3;17;21;40;48;61;62;SPORT;;;;;;;;;;;;;;;;;
2213;01/03/2025;9;22;41;46;48;72;80;BOTAFOGO;;;;;;;;;;;;;;;;;
2214;06/03/2025;15;26;46;52;61;64;65;VOLTA REDONDA;;;;;;;;;;;;;;;;;
2215;08/03/2025;14;18;27;32;33;40;56;CRB;;;;;;;;;;;;;;;;;
2216;11/03/2025;1;5;14;15;30;36;74;INTERNACIONAL;;;;;;;;;;;;;;;;;
2217;13/03/2025;4;10;12;17;37;57;60;NOVA IGUACU;;;;;;;;;;;;;;;;;
2218;15/03/2025;6;14;25;27;41;51;72;SPORT;;;;;;;;;;;;;;;;;
2219;18/03/2025;12;18;23;34;37;51;59;OPERARIO;;;;;;;;;;;;;;;;;
2220;20/03/2025;9;10;42;46;49;53;70;FLAMENGO;;;;;;;;;;;;;;;;;
2221;22/03/2025;3;15;32;56;75;78;80;BAHIA;;;;;;;;;;;;;;;;;
2222;25/03/2025;1;8;12;20;44;47;68;VITORIA;;;;;;;;;;;;;;;;;
2223;27/03/2025;2;9;22;50;63;66;79;AMERICA;;;;;;;;;;;;;;;;;
2224;29/03/2025;9;16;19;30;46;60;72;BAHIA;;;;;;;;;;;;;;;;;
2225;01/04/2025;3;9;10;31;56;60;80;GOIAS;;;;;;;;;;;;;;;;;
2226;03/04/2025;3;7;11;13;23;43;48;SPORT;;;;;;;;;;;;;;;;;
2227;05/04/2025;4;9;11;19;40;58;66;MIRASSOL;;;;;;;;;;;;;;;;;
2228;08/04/2025;12;31;37;55;61;72;73;VOLTA REDONDA;;;;;;;;;;;;;;;;;
2229;10/04/2025;5;17;45;47;56;59;69;TOMBENSE;;;;;;;;;;;;;;;;;
2230;12/04/2025;11;20;24;29;47;70;79;FLORESTA;;;;;;;;;;;;;;;;;
2231;15/04/2025;14;20;29;37;38;49;55;BOTAFOGO;;;;;;;;;;;;;;;;;
2232;17/04/2025;29;33;59;60;67;69;77;CAMPINENSE;;;;;;;;;;;;;;;;;
2233;19/04/2025;20;45;47;50;54;63;76;SPORT;;;;;;;;;;;;;;;;;
2234;22/04/2025;18;24;25;41;59;62;67;BRAGANTINO;;;;;;;;;;;;;;;;;
2235;24/04/2025;22;43;44;51;53;67;72;BAHIA;;;;;;;;;;;;;;;;;
2236;26/04/2025;11;12;24;31;37;56;57;CUIABA;;;;;;;;;;;;;;;;;
2237;29/04/2025;12;28;47;55;60;77;79;AVAI;;;;;;;;;;;;;;;;;
2238;03/05/2025;29;34;42;57;70;71;73;ATHLETIC CLUB;;;;;;;;;;;;;;;;;
2239;06/05/2025;7;17;24;46;66;74;78;BOTAFOGO;;;;;;;;;;;;;;;;;
2240;08/05/2025;4;6;8;27;39;47;60;AVAI;;;;;;;;;;;;;;;;;
2241;10/05/2025;9;18;30;34;56;63;68;POUSO ALEGRE;;;;;;;;;;;;;;;;;
2242;13/05/2025;9;45;52;61;65;73;78;ATLETICO;;;;;;;;;;;;;;;;;
2243;15/05/2025;6;39;49;56;63;67;77;JUAZEIRENSE;;;;;;;;;;;;;;;;;
2244;17/05/2025;22;23;32;43;49;64;76;FERROVIARIO;;;;;;;;;;;;;;;;;
2245;20/05/2025;4;17;23;52;67;70;76;AMERICA;;;;;;;;;;;;;;;;;
2246;22/05/2025;14;22;37;40;51;57;63;BAHIA DE FEIRA;;;;;;;;;;;;;;;;;
2247;24/05/2025;3;6;19;45;55;72;80;RETRO BRASIL;;;;;;;;;;;;;;;;;
2248;27/05/2025;12;26;29;41;47;48;78;MIRASSOL;;;;;;;;;;;;;;;;;
2249;29/05/2025;16;21;30;48;50;58;67;BOTAFOGO;;;;;;;;;;;;;;;;;
2250;31/05/2025;10;17;46;54;65;68;73;PARANA;;;;;;;;;;;;;;;;;
2251;03/06/2025;2;7;26;36;41;52;63;VITORIA;;;;;;;;;;;;;;;;;
2252;05/06/2025;5;8;12;19;46;76;80;CAXIAS;;;;;;;;;;;;;;;;;
2253;07/06/2025;3;8;32;39;57;61;63;JUAZEIRENSE;;;;;;;;;;;;;;;;;
2254;10/06/2025;3;12;15;23;26;41;60;BRAGANTINO;;;;;;;;;;;;;;;;;
2255;12/06/2025;18;19;43;50;56;69;80;SAO JOSE;;;;;;;;;;;;;;;;;
2256;14/06/2025;4;27;29;35;36;76;78;NAUTICO;;;;;;;;;;;;;;;;;
2257;17/06/2025;12;13;29;36;48;58;67;PORTUGUESA;;;;;;;;;;;;;;;;;
2258;21/06/2025;2;18;36;41;43;59;70;CRUZEIRO;;;;;;;;;;;;;;;;;
2259;24/06/2025;5;11;23;26;36;48;74;SAMP CORREA;;;;;;;;;;;;;;;;;
2260;26/06/2025;25;32;35;37;41;52;60;VILA NOVA;;;;;;;;;;;;;;;;;
2261;28/06/2025;16;31;32;44;53;56;67;FORTALEZA;;;;;;;;;;;;;;;;;
2262;01/07/2025;15;29;32;53;63;67;74;CONFIANCA;;;;;;;;;;;;;;;;;
2263;03/07/2025;10;18;30;36;39;44;57;CORINTHIANS;;;;;;;;;;;;;;;;;
2264;05/07/2025;7;27;49;60;66;71;78;CEARA;;;;;;;;;;;;;;;;;
2265;08/07/2025;8;10;21;30;32;45;53;CAMPINENSE;;;;;;;;;;;;;;;;;
2266;10/07/2025;2;20;22;23;24;77;80;MANAUS;;;;;;;;;;;;;;;;;
2267;12/07/2025;3;27;30;48;65;71;72;RETRO BRASIL;;;;;;;;;;;;;;;;;
2268;15/07/2025;4;5;21;28;50;55;69;PORTUGUESA;;;;;;;;;;;;;;;;;
2269;17/07/2025;4;9;33;39;44;67;80;AMERICA;;;;;;;;;;;;;;;;;
2270;19/07/2025;1;7;31;61;62;70;78;CONFIANCA;;;;;;;;;;;;;;;;;
2271;22/07/2025;13;26;27;51;58;59;72;AVAI;;;;;;;;;;;;;;;;;
2272;24/07/2025;9;13;19;32;46;49;58;FLORESTA;;;;;;;;;;;;;;;;;
2273;26/07/2025;18;35;42;43;56;60;71;VOLTA REDONDA;;;;;;;;;;;;;;;;;
2274;29/07/2025;4;5;12;46;51;57;78;SAO BERNARDO;;;;;;;;;;;;;;;;;
2275;31/07/2025;21;28;35;36;38;67;76;APARECIDENSE;;;;;;;;;;;;;;;;;
2276;02/08/2025;1;11;21;42;62;64;79;PONTE PRETA;;;;;;;;;;;;;;;;;
2277;05/08/2025;4;6;7;17;26;36;69;VILA NOVA;;;;;;;;;;;;;;;;;
2278;07/08/2025;14;17;34;36;38;44;53;ALTOS;;;;;;;;;;;;;;;;;
2279;09/08/2025;3;5;9;43;56;62;64;MIRASSOL;;;;;;;;;;;;;;;;;
2280;12/08/2025;3;18;21;24;27;43;75;CAXIAS;;;;;;;;;;;;;;;;;
2281;14/08/2025;10;11;24;34;57;65;75;FLORESTA;;;;;;;;;;;;;;;;;
2282;16/08/2025;1;25;26;48;57;76;79;GOIAS;;;;;;;;;;;;;;;;;
2283;19/08/2025;15;18;41;46;53;55;61;ABC;;;;;;;;;;;;;;;;;
2284;21/08/2025;7;22;24;25;33;70;73;ATLETICO;;;;;;;;;;;;;;;;;
2285;23/08/2025;39;45;48;65;68;69;77;MANAUS;;;;;;;;;;;;;;;;;
2286;26/08/2025;14;18;25;39;53;58;74;BAHIA DE FEIRA;;;;;;;;;;;;;;;;;
2287;28/08/2025;15;24;42;45;49;57;63;OPERARIO;;;;;;;;;;;;;;;;;
2288;30/08/2025;2;5;17;20;32;34;59;FLUMINENSE;;;;;;;;;;;;;;;;;
2289;02/09/2025;10;14;18;21;47;52;61;MIRASSOL;;;;;;;;;;;;;;;;;
2290;04/09/2025;10;49;53;54;56;66;74;NOVORIZONTINO;;;;;;;;;;;;;;;;;
2291;06/09/2025;8;14;32;45;51;56;64;YPIRANGA;;;;;;;;;;;;;;;;;
2292;09/09/2025;7;14;28;32;54;66;67;MIRASSOL;;;;;;;;;;;;;;;;;
2293;11/09/2025;11;18;21;38;49;71;78;GREMIO;;;;;;;;;;;;;;;;;
2294;13/09/2025;5;22;28;45;65;68;78;CRICIUMA;;;;;;;;;;;;;;;;;
2295;16/09/2025;1;20;27;32;47;74;77;SAO BERNARDO;;;;;;;;;;;;;;;;;
2296;18/09/2025;16;25;30;32;35;60;71;GOIAS;;;;;;;;;;;;;;;;;
2297;20/09/2025;5;14;26;34;47;51;61;ATLETICO;;;;;;;;;;;;;;;;;
2298;23/09/2025;4;5;27;39;48;66;75;FERROVIARIO;;;;;;;;;;;;;;;;;
2299;25/09/2025;19;24;28;42;46;54;77;AMAZONAS;;;;;;;;;;;;;;;;;
2300;27/09/2025;3;12;49;63;70;71;78;SAO JOSE;;;;;;;;;;;;;;;;;
2301;30/09/2025;16;21;30;41;44;58;60;CASCAVEL;;;;;;;;;;;;;;;;;
2302;02/10/2025;11;16;22;30;31;46;77;BRASILIENSE;;;;;;;;;;;;;;;;;
2303;04/10/2025;20;42;45;46;48;55;75;CHAPECOENSE;;;;;;;;;;;;;;;;;
2304;07/10/2025;9;22;31;51;53;62;74;BRUSQUE;;;;;;;;;;;;;;;;;
2305;09/10/2025;18;36;48;60;62;76;80;APARECIDENSE;;;;;;;;;;;;;;;;;
2306;11/10/2025;11;17;51;69;71;72;76;SAO PAULO;;;;;;;;;;;;;;;;;
2307;14/10/2025;2;13;38;44;52;64;80;CORITIBA;;;;;;;;;;;;;;;;;
2308;16/10/2025;4;7;8;23;39;62;73;ABC;;;;;;;;;;;;;;;;;
2309;18/10/2025;2;3;21;22;39;45;77;LONDRINA;;;;;;;;;;;;;;;;;
2310;21/10/2025;2;17;44;47;55;62;66;VILA NOVA;;;;;;;;;;;;;;;;;
2311;23/10/2025;17;32;34;37;68;71;72;NAUTICO;;;;;;;;;;;;;;;;;
2312;25/10/2025;5;6;10;21;59;65;74;BRASIL DE PELOTAS;;;;;;;;;;;;;;;;;
2313;28/10/2025;2;3;6;32;33;68;70;CORITIBA;;;;;;;;;;;;;;;;;
2314;30/10/2025;26;30;34;36;38;60;74;FLORESTA;;;;;;;;;;;;;;;;;
2315;01/11/2025;3;12;41;49;54;66;78;BRASIL DE PELOTAS;;;;;;;;;;;;;;;;;
2316;04/11/2025;24;25;28;42;58;73;78;ALTOS;;;;;;;;;;;;;;;;;
2317;06/11/2025;4;6;38;41;51;66;68;BRASILIENSE;;;;;;;;;;;;;;;;;
2318;08/11/2025;1;8;17;37;48;59;60;TOCANTINOPOLIS;;;;;;;;;;;;;;;;;
2319;11/11/2025;35;38;43;48;60;67;79;CORITIBA;;;;;;;;;;;;;;;;;
2320;13/11/2025;19;20;23;36;47;65;66;SAO PAULO;;;;;;;;;;;;;;;;;
2321;18/11/2025;5;9;13;15;27;31;52;GREMIO;;;;;;;;;;;;;;;;;
2322;22/11/2025;4;7;12;27;37;40;72;POUSO ALEGRE;;;;;;;;;;;;;;;;;
2323;25/11/2025;13;33;52;60;65;66;79;PORTUGUESA;;;;;;;;;;;;;;;;;
2324;27/11/2025;5;18;42;50;65;67;76;JUAZEIRENSE;;;;;;;;;;;;;;;;;
2325;29/11/2025;11;13;40;42;66;67;73;CAMPINENSE;;;;;;;;;;;;;;;;;
2326;02/12/2025;22;26;43;52;56;57;71;SAO PAULO;;;;;;;;;;;;;;;;;
2327;04/12/2025;4;7;35;42;46;71;73;ATLETICO;;;;;;;;;;;;;;;;;
2328;06/12/2025;1;15;29;49;57;59;73;JACUIPENSE;;;;;;;;;;;;;;;;;
2329;09/12/2025;29;36;39;61;70;75;77;APARECIDENSE;;;;;;;;;;;;;;;;;
2330;11/12/2025;22;31;50;52;56;57;69;NAUTICO;;;;;;;;;;;;;;;;;
2331;13/12/2025;12;37;56;63;71;74;78;NOVORIZONTINO;;;;;;;;;;;;;;;;;
2332;16/12/2025;13;17;23;28;47;50;71;CORITIBA;;;;;;;;;;;;;;;;;
2333;18/12/2025;40;49;51;52;58;61;80;BRAGANTINO;;;;;;;;;;;;;;;;;
2334;20/12/2025;4;27;36;42;44;47;52;CORITIBA;;;;;;;;;;;;;;;;;
2335;23/12/2025;5;26;44;48;63;69;75;SPORT;;;;;;;;;;;;;;;;;
2336;27/12/2025;3;8;18;22;38;44;64;CORITIBA;;;;;;;;;;;;;;;;;
2337;30/12/2025;8;29;35;43;62;67;70;ATLETICO;;;;;;;;;;;;;;;;;
2338;03/01/2026;11;14;33;35;37;40;67;SPORT;;;;;;;;;;;;;;;;;
2339;06/01/2026;7;11;21;24;31;33;57;JUAZEIRENSE;;;;;;;;;;;;;;;;;
2340;08/01/2026;21;22;33;46;50;66;77;JUVENTUDE;;;;;;;;;;;;;;;;;
2341;10/01/2026;21;35;36;42;58;65;71;REMO;;;;;;;;;;;;;;;;;
2342;13/01/2026;1;10;22;35;39;48;56;CUIABA;;;;;;;;;;;;;;;;;
2343;15/01/2026;1;6;8;21;61;71;72;NOVORIZONTINO;;;;;;;;;;;;;;;;;
2344;17/01/2026;3;34;37;46;52;61;64;JACUIPENSE;;;;;;;;;;;;;;;;;
2345;20/01/2026;3;15;19;28;35;69;71;AMAZONAS;;;;;;;;;;;;;;;;;
2346;22/01/2026;5;34;43;50;60;69;76;BOTAFOGO;;;;;;;;;;;;;;;;;
2347;24/01/2026;1;19;26;32;35;61;72;CRUZEIRO;;;;;;;;;;;;;;;;;
2348;27/01/2026;4;12;21;37;42;55;65;SAORAIMUNDO;;;;;;;;;;;;;;;;;
2349;29/01/2026;1;10;15;26;42;52;79;GOIAS;;;;;;;;;;;;;;;;;
2350;31/01/2026;5;40;42;44;47;48;71;BOTAFOGO;;;;;;;;;;;;;;;;;
2351;03/02/2026;7;9;10;16;45;49;50;OPERARIO;;;;;;;;;;;;;;;;;
2352;05/02/2026;8;13;15;34;44;54;65;CRUZEIRO;;;;;;;;;;;;;;;;;
2353;07/02/2026;5;36;40;67;71;72;77;ABC;;;;;;;;;;;;;;;;;
2354;10/02/2026;6;7;16;29;36;51;73;SAO JOSE;;;;;;;;;;;;;;;;;
2355;12/02/2026;12;24;33;38;63;64;73;MANAUS;;;;;;;;;;;;;;;;;
2356;14/02/2026;21;35;36;40;45;58;67;GREMIO;;;;;;;;;;;;;;;;;
2357;19/02/2026;1;12;19;33;34;52;56;FERROVIARIO;;;;;;;;;;;;;;;;;
2358;21/02/2026;15;35;53;57;70;71;74;BOTAFOGO;;;;;;;;;;;;;;;;;
2359;24/02/2026;12;13;60;66;71;72;74;FIGUEIRENSE;;;;;;;;;;;;;;;;;
2360;26/02/2026;7;10;19;26;28;53;76;CHAPECOENSE;;;;;;;;;;;;;;;;;
2361;28/02/2026;19;35;38;44;51;63;76;TOCANTINOPOLIS;;;;;;;;;;;;;;;;;
2362;03/03/2026;21;26;30;47;51;52;79;ALTOS;;;;;;;;;;;;;;;;;
2363;05/03/2026;4;5;10;14;17;37;67;PAYSANDU;;;;;;;;;;;;;;;;;
2364;07/03/2026;24;26;31;41;52;54;55;VILA NOVA;;;;;;;;;;;;;;;;;
2365;10/03/2026;3;7;8;17;29;38;50;ATLETICO;;;;;;;;;;;;;;;;;
2366;12/03/2026;8;13;18;22;40;74;76;VILA NOVA;;;;;;;;;;;;;;;;;
2367;14/03/2026;6;22;28;36;46;52;71;INTERNACIONAL;;;;;;;;;;;;;;;;;
2368;17/03/2026;19;24;26;45;66;75;77;SPORT;;;;;;;;;;;;;;;;;
2369;19/03/2026;21;22;43;59;60;65;73;JACUIPENSE;;;;;;;;;;;;;;;;;
2370;21/03/2026;10;22;40;63;74;76;79;GOIAS;;;;;;;;;;;;;;;;;
2371;24/03/2026;2;16;22;29;32;61;77;BAHIA;;;;;;;;;;;;;;;;;
2372;26/03/2026;12;13;18;23;38;54;55;ATHLETICO;;;;;;;;;;;;;;;;;
2373;28/03/2026;13;31;33;42;62;65;76;NOVORIZONTINO;;;;;;;;;;;;;;;;;
2374;31/03/2026;7;28;35;52;57;63;74;FLORESTA;;;;;;;;;;;;;;;;;
2375;02/04/2026;1;5;6;9;61;72;74;OESTE;;;;;;;;;;;;;;;;;
2376;04/04/2026;9;34;38;43;51;63;76;TOCANTINOPOLIS;;;;;;;;;;;;;;;;;
2377;07/04/2026;21;35;40;54;58;61;67;BAHIA;;;;;;;;;;;;;;;;;
2378;09/04/2026;10;14;17;21;28;29;36;AMERICA;;;;;;;;;;;;;;;;;
2379;11/04/2026;25;35;48;56;58;75;78;CUIABA;;;;;;;;;;;;;;;;;
2380;14/04/2026;47;54;56;60;64;65;79;JACUIPENSE;;;;;;;;;;;;;;;;;
2381;16/04/2026;4;14;26;32;65;67;68;CAXIAS;;;;;;;;;;;;;;;;;
2382;18/04/2026;22;23;30;37;64;68;80;MANAUS;;;;;;;;;;;;;;;;;
2383;23/04/2026;15;36;43;47;54;70;79;APARECIDENSE;;;;;;;;;;;;;;;;;
2384;25/04/2026;14;26;29;47;66;74;79;SPORT;;;;;;;;;;;;;;;;;
2385;28/04/2026;5;14;16;17;20;70;76;CRB;;;;;;;;;;;;;;;;;
2386;30/04/2026;2;20;31;54;59;64;65;VASCO DA GAMA;;;;;;;;;;;;;;;;;
2387;05/05/2026;3;5;10;27;42;44;52;POUSO ALEGRE;;;;;;;;;;;;;;;;;
2388;07/05/2026;5;23;27;36;39;46;71;JUAZEIRENSE;;;;;;;;;;;;;;;;;
2389;09/05/2026;4;6;13;36;47;56;63;ATHLETIC CLUB;;;;;;;;;;;;;;;;;
2390;12/05/2026;4;21;22;36;46;58;78;SAO PAULO;;;;;;;;;;;;;;;;;
2391;14/05/2026;8;9;16;17;21;71;79;POUSO ALEGRE;;;;;;;;;;;;;;;;;
2392;16/05/2026;4;12;17;23;59;75;78;TOMBENSE;;;;;;;;;;;;;;;;;
2393;19/05/2026;14;27;34;46;50;60;73;CRB;;;;;;;;;;;;;;;;;
2394;21/05/2026;3;8;15;26;47;52;73;ATLETICO;;;;;;;;;;;;;;;;;
2395;23/05/2026;4;10;22;26;32;35;52;FLORESTA;;;;;;;;;;;;;;;;;
2396;26/05/2026;1;27;30;37;52;62;68;BOTAFOGO;;;;;;;;;;;;;;;;;
2397;28/05/2026;1;12;15;26;53;64;70;AMAZONAS;;;;;;;;;;;;;;;;;
2398;30/05/2026;11;29;40;47;48;53;70;GREMIO;;;;;;;;;;;;;;;;;
2399;02/06/2026;2;10;14;33;37;57;62;YPIRANGA;;;;;;;;;;;;;;;;;
2400;06/06/2026;22;47;51;57;58;64;73;YPIRANGA;;;;;;;;;;;;;;;;;
2401;09/06/2026;1;8;10;38;40;50;63;SAMP CORREA;;;;;;;;;;;;;;;;;
2402;11/06/2026;38;42;43;63;72;77;78;CAMPINENSE;;;;;;;;;;;;;;;;;
2403;14/06/2026;13;16;36;43;51;65;66;AMERICA;;;;;;;;;;;;;;;;;
2404;16/06/2026;4;11;15;17;23;42;63;BOTAFOGO;;;;;;;;;;;;;;;;;
2405;18/06/2026;9;15;26;52;56;58;80;FLORESTA;;;;;;;;;;;;;;;;;
2406;20/06/2026;1;7;20;53;59;75;80;NOVA IGUACU;;;;;;;;;;;;;;;;;
2407;23/06/2026;4;7;14;31;52;57;79;SAORAIMUNDO;;;;;;;;;;;;;;;;;
2408;25/06/2026;8;16;32;36;43;73;79;ATLETICO;;;;;;;;;;;;;;;;;
2409;27/06/2026;5;6;10;20;29;67;71;CUIABA;;;;;;;;;;;;;;;;;
2410;02/07/2026;12;22;25;46;53;56;80;GOIAS;;;;;;;;;;;;;;;;;
2411;04/07/2026;20;31;35;51;56;59;79;FLORESTA;;;;;;;;;;;;;;;;;
2412;07/07/2026;9;16;25;47;49;66;73;FLAMENGO;;;;;;;;;;;;;;;;;
2413;09/07/2026;23;26;35;49;56;60;76;BRASILIENSE;;;;;;;;;;;;;;;;;
2414;11/07/2026;18;19;36;63;64;67;71;BRUSQUE;;;;;;;;;;;;;;;;;
2415;14/07/2026;4;10;11;21;42;44;69;VOLTA REDONDA;;;;;;;;;;;;;;;;;
2416;16/07/2026;17;30;36;50;70;74;77;CORITIBA;;;;;;;;;;;;;;;;;
2417;19/07/2026;8;12;51;56;72;75;80;APARECIDENSE;;;;;;;;;;;;;;;;;
2418;21/07/2026;12;19;45;67;71;74;76;ATLETICO;;;;;;;;;;;;;;;;;
2419;23/07/2026;5;9;12;26;48;52;59;CHAPECOENSE;;;;;;;;;;;;;;;;;
2420;26/07/2026;2;14;21;72;76;77;78;CAXIAS;;;;;;;;;;;;;;;;;
2421;28/07/2026;7;23;34;37;52;56;65;CAXIAS;;;;;;;;;;;;;;;;;
2422;30/07/2026;11;19;21;24;34;68;78;TOMBENSE;;;;;;;;;;;;;;;;;
2423;02/08/2026;8;25;26;28;50;77;80;TOMBENSE;;;;;;;;;;;;;;;;;
2424;04/08/2026;11;18;30;32;36;41;60;TOMBENSE;;;;;;;;;;;;;;;;;
2425;06/08/2026;8;22;41;52;60;62;67;TOCANTINOPOLIS;;;;;;;;;;;;;;;;;
2426;09/08/2026;9;16;24;25;44;59;73;JUVENTUDE;;;;;;;;;;;;;;;;;
2427;11/08/2026;3;6;9;24;31;37;71;VILA NOVA;;;;;;;;;;;;;;;;;
2428;13/08/2026;15;27;49;51;70;76;80;BOTAFOGO;;;;;;;;;;;;;;;;;
2429;16/08/2026;9;18;23;42;47;64;75;ATLETICO;;;;;;;;;;;;;;;;;
2430;18/08/2026;21;34;35;38;48;50;64;BARRA FC;;;;;;;;;;;;;;;;;
2431;20/08/2026;18;22;55;58;63;65;72;CONFIANCA;;;;;;;;;;;;;;;;;
2432;23/08/2026;13;43;45;60;64;72;78;VITORIA;;;;;;;;;;;;;;;;;
2433;25/08/2026;6;12;25;28;29;49;80;BAHIA;;;;;;;;;;;;;;;;;
2434;27/08/2026;7;9;38;42;50;52;79;ATHLETICO;;;;;;;;;;;;;;;;;
2435;30/08/2026;7;15;26;42;53;78;80;CRUZEIRO;;;;;;;;;;;;;;;;;
2436;01/09/2026;19;22;27;28;49;67;73;JUVENTUDE;;;;;;;;;;;;;;;;;
